num_reads,coverage,n_detected,f_detected,smash_count_0,smash_count_1,smash_count_2,smash_count_3,smash_count_4
1,0.0020,59,0.0012,0,0,1,0,1
2,0.0040,98,0.0020,0,0,1,0,1
3,0.0060,168,0.0034,0,0,1,0,1
4,0.0080,238,0.0048,0,1,1,0,1
5,0.0100,308,0.0062,0,1,1,0,2
6,0.0120,378,0.0076,0,1,1,0,2
7,0.0140,423,0.0085,0,1,1,0,3
8,0.0160,448,0.0090,0,1,1,0,3
9,0.0180,518,0.0104,0,1,1,0,3
10,0.0200,557,0.0111,0,1,1,0,3
11,0.0220,627,0.0125,0,1,1,0,3
12,0.0240,697,0.0139,1,1,1,0,3
13,0.0260,717,0.0143,1,1,1,0,3
14,0.0280,775,0.0155,1,1,1,0,3
15,0.0300,845,0.0169,1,1,1,0,3
16,0.0320,914,0.0183,2,1,1,0,3
17,0.0340,984,0.0197,2,1,1,0,4
18,0.0360,1023,0.0205,2,1,1,0,4
19,0.0380,1093,0.0219,2,1,1,0,4
20,0.0400,1163,0.0233,2,1,1,0,4
21,0.0420,1176,0.0235,2,1,1,0,4
22,0.0440,1225,0.0245,2,1,1,1,4
23,0.0460,1295,0.0259,2,1,2,1,4
24,0.0480,1365,0.0273,2,1,2,1,4
25,0.0500,1421,0.0284,2,1,2,2,4
26,0.0520,1491,0.0298,2,1,2,3,4
27,0.0540,1561,0.0312,2,1,2,3,4
28,0.0560,1631,0.0326,3,1,2,3,4
29,0.0580,1701,0.0340,3,1,2,3,4
30,0.0600,1771,0.0354,3,1,2,3,4
31,0.0620,1826,0.0365,3,1,3,3,4
32,0.0640,1888,0.0378,3,1,3,3,4
33,0.0660,1952,0.0391,3,1,3,3,4
34,0.0680,2022,0.0405,3,1,3,3,4
35,0.0700,2061,0.0412,3,1,3,3,4
36,0.0720,2131,0.0426,3,1,3,3,4
37,0.0740,2201,0.0440,4,1,3,3,4
38,0.0760,2271,0.0454,4,1,3,3,4
39,0.0780,2341,0.0468,5,1,3,3,4
40,0.0800,2380,0.0476,5,1,3,3,4
41,0.0820,2450,0.0490,5,1,3,3,4
42,0.0840,2520,0.0504,5,1,3,3,4
43,0.0860,2590,0.0518,5,3,3,3,4
44,0.0880,2644,0.0529,5,3,3,3,4
45,0.0900,2674,0.0535,5,3,3,3,4
46,0.0920,2744,0.0549,5,3,3,3,4
47,0.0940,2807,0.0562,5,3,3,3,4
48,0.0960,2807,0.0562,5,3,3,3,4
49,0.0980,2877,0.0576,5,3,4,3,4
50,0.1000,2947,0.0590,5,3,5,3,4
51,0.1020,3004,0.0601,5,3,5,3,4
52,0.1040,3051,0.0611,5,3,5,3,4
53,0.1060,3121,0.0625,5,3,5,3,4
54,0.1080,3191,0.0639,5,3,5,4,4
55,0.1100,3223,0.0645,5,3,5,4,4
56,0.1120,3261,0.0653,5,4,5,4,4
57,0.1140,3308,0.0662,5,4,5,4,4
58,0.1160,3374,0.0675,5,4,5,4,4
59,0.1180,3413,0.0683,5,4,5,4,4
60,0.1200,3477,0.0696,5,4,5,5,4
61,0.1220,3547,0.0710,5,4,5,5,4
62,0.1240,3617,0.0724,5,4,5,6,4
63,0.1260,3656,0.0732,5,4,5,6,4
64,0.1280,3667,0.0734,5,4,5,6,4
65,0.1300,3737,0.0748,5,4,5,6,4
66,0.1320,3737,0.0748,5,4,5,6,4
67,0.1340,3807,0.0762,5,4,5,6,4
68,0.1360,3877,0.0776,5,4,5,7,4
69,0.1380,3947,0.0790,5,4,5,7,4
70,0.1400,4000,0.0800,5,4,6,7,5
71,0.1420,4048,0.0810,5,4,6,7,5
72,0.1440,4118,0.0824,5,4,6,7,5
73,0.1460,4157,0.0832,5,4,6,7,5
74,0.1480,4227,0.0846,5,4,6,7,5
75,0.1500,4266,0.0854,5,4,6,7,5
76,0.1520,4336,0.0868,5,4,8,7,6
77,0.1540,4375,0.0876,5,4,8,7,6
78,0.1560,4410,0.0883,5,4,8,7,6
79,0.1580,4480,0.0897,5,4,8,7,7
80,0.1600,4519,0.0904,5,4,8,7,8
81,0.1620,4558,0.0912,5,5,8,7,8
82,0.1640,4610,0.0923,5,5,8,7,8
83,0.1660,4656,0.0932,5,5,10,7,8
84,0.1680,4717,0.0944,5,5,10,7,8
85,0.1700,4787,0.0958,5,5,10,7,8
86,0.1720,4853,0.0971,5,5,10,7,8
87,0.1740,4904,0.0981,5,5,10,7,8
88,0.1760,4943,0.0989,5,5,10,7,8
89,0.1780,5013,0.1003,5,5,10,7,9
90,0.1800,5083,0.1017,5,5,10,7,9
91,0.1820,5153,0.1031,6,5,10,7,9
92,0.1840,5223,0.1045,6,5,10,7,9
93,0.1860,5293,0.1059,6,5,10,7,9
94,0.1880,5306,0.1062,6,5,10,7,9
95,0.1900,5307,0.1062,6,5,10,7,9
96,0.1920,5321,0.1065,6,5,10,7,9
97,0.1940,5391,0.1079,6,5,10,7,9
98,0.1960,5461,0.1093,6,5,10,7,9
99,0.1980,5488,0.1098,6,5,10,7,9
100,0.2000,5527,0.1106,6,6,10,7,9
101,0.2020,5597,0.1120,6,6,10,7,9
102,0.2040,5667,0.1134,6,6,10,7,9
103,0.2060,5732,0.1147,6,6,10,7,9
104,0.2080,5801,0.1161,6,6,10,7,9
105,0.2100,5871,0.1175,6,6,10,7,9
106,0.2120,5941,0.1189,6,6,10,7,9
107,0.2140,5980,0.1197,6,6,10,7,9
108,0.2160,6050,0.1211,6,6,10,7,9
109,0.2180,6057,0.1212,6,6,10,7,9
110,0.2200,6070,0.1215,6,6,10,7,9
111,0.2220,6140,0.1229,6,6,10,7,10
112,0.2240,6210,0.1243,6,6,10,7,10
113,0.2260,6280,0.1257,6,7,10,7,10
114,0.2280,6346,0.1270,6,7,10,7,10
115,0.2300,6360,0.1273,6,7,10,7,10
116,0.2320,6404,0.1282,6,7,10,7,10
117,0.2340,6429,0.1287,6,7,10,7,10
118,0.2360,6468,0.1294,6,7,10,7,10
119,0.2380,6538,0.1308,6,7,10,7,10
120,0.2400,6577,0.1316,6,7,10,8,10
121,0.2420,6622,0.1325,6,7,10,8,10
122,0.2440,6675,0.1336,6,7,10,8,10
123,0.2460,6716,0.1344,6,7,10,8,10
124,0.2480,6735,0.1348,6,7,10,8,10
125,0.2500,6776,0.1356,6,7,10,8,11
126,0.2520,6815,0.1364,6,7,10,8,11
127,0.2540,6885,0.1378,6,7,10,8,11
128,0.2560,6937,0.1388,6,7,10,8,11
129,0.2580,7003,0.1401,6,7,10,8,11
130,0.2600,7073,0.1415,6,7,10,8,11
131,0.2620,7143,0.1429,6,7,10,8,11
132,0.2640,7213,0.1443,6,7,10,8,11
133,0.2660,7252,0.1451,6,7,10,8,11
134,0.2680,7284,0.1458,6,7,10,8,11
135,0.2700,7354,0.1472,6,7,10,8,11
136,0.2720,7424,0.1486,6,7,10,8,11
137,0.2740,7494,0.1500,6,7,10,8,11
138,0.2760,7564,0.1514,6,7,10,8,11
139,0.2780,7634,0.1528,6,7,10,9,12
140,0.2800,7696,0.1540,6,7,10,9,12
141,0.2820,7766,0.1554,6,7,10,9,12
142,0.2840,7802,0.1561,6,7,10,9,12
143,0.2860,7872,0.1575,7,7,10,9,12
144,0.2880,7911,0.1583,7,8,10,9,12
145,0.2900,7950,0.1591,7,8,10,9,12
146,0.2920,7996,0.1600,7,8,10,9,12
147,0.2940,8066,0.1614,7,8,10,9,12
148,0.2960,8083,0.1618,7,8,10,9,12
149,0.2980,8153,0.1632,7,8,10,9,13
150,0.3000,8173,0.1636,7,8,10,9,13
151,0.3020,8201,0.1641,7,8,10,9,13
152,0.3040,8271,0.1655,7,8,10,9,14
153,0.3060,8300,0.1661,7,9,10,9,14
154,0.3080,8339,0.1669,7,9,10,9,14
155,0.3100,8370,0.1675,7,9,10,9,14
156,0.3120,8404,0.1682,7,9,10,9,14
157,0.3140,8438,0.1689,7,9,10,9,14
158,0.3160,8450,0.1691,7,9,10,9,14
159,0.3180,8494,0.1700,7,9,10,9,14
160,0.3200,8564,0.1714,7,9,10,9,14
161,0.3220,8603,0.1722,7,9,10,9,14
162,0.3240,8642,0.1729,7,10,10,9,14
163,0.3260,8712,0.1743,7,10,10,9,14
164,0.3280,8782,0.1757,7,10,10,9,14
165,0.3300,8803,0.1762,7,10,10,9,14
166,0.3320,8842,0.1769,7,10,10,9,14
167,0.3340,8875,0.1776,7,10,10,9,14
168,0.3360,8914,0.1784,7,10,10,9,14
169,0.3380,8984,0.1798,7,10,10,9,14
170,0.3400,9054,0.1812,7,10,10,10,14
171,0.3420,9120,0.1825,7,10,10,10,14
172,0.3440,9190,0.1839,8,10,10,10,14
173,0.3460,9242,0.1850,8,10,10,11,14
174,0.3480,9304,0.1862,8,10,10,11,14
175,0.3500,9343,0.1870,8,10,10,11,14
176,0.3520,9343,0.1870,8,10,10,11,14
177,0.3540,9413,0.1884,8,10,10,11,14
178,0.3560,9475,0.1896,8,10,10,11,14
179,0.3580,9516,0.1904,8,10,10,11,14
180,0.3600,9555,0.1912,8,10,10,11,15
181,0.3620,9625,0.1926,9,10,10,11,15
182,0.3640,9695,0.1940,9,10,10,12,15
183,0.3660,9756,0.1952,9,10,10,12,15
184,0.3680,9795,0.1960,9,10,10,12,15
185,0.3700,9834,0.1968,9,10,10,12,15
186,0.3720,9904,0.1982,9,10,10,12,15
187,0.3740,9943,0.1990,9,10,10,12,15
188,0.3760,10008,0.2003,9,10,10,12,15
189,0.3780,10045,0.2010,9,10,10,12,15
190,0.3800,10071,0.2015,9,10,10,12,15
191,0.3820,10096,0.2020,9,10,10,12,15
192,0.3840,10124,0.2026,9,10,10,12,15
193,0.3860,10182,0.2038,9,10,10,12,15
194,0.3880,10234,0.2048,9,10,11,12,16
195,0.3900,10304,0.2062,9,11,11,12,16
196,0.3920,10374,0.2076,9,11,11,12,17
197,0.3940,10413,0.2084,9,11,11,12,17
198,0.3960,10483,0.2098,9,11,11,12,17
199,0.3980,10537,0.2109,9,11,11,12,17
200,0.4000,10574,0.2116,9,11,11,12,17
201,0.4020,10644,0.2130,9,11,11,12,17
202,0.4040,10714,0.2144,9,12,11,12,17
203,0.4060,10753,0.2152,9,12,11,12,17
204,0.4080,10813,0.2164,9,12,11,12,17
205,0.4100,10852,0.2172,9,12,11,12,17
206,0.4120,10922,0.2186,9,12,11,12,18
207,0.4140,10924,0.2186,9,12,11,12,18
208,0.4160,10994,0.2200,9,12,11,12,18
209,0.4180,11064,0.2214,9,12,11,12,19
210,0.4200,11134,0.2228,9,12,11,12,20
211,0.4220,11200,0.2241,9,12,11,12,20
212,0.4240,11259,0.2253,9,12,11,12,21
213,0.4260,11288,0.2259,9,12,11,12,21
214,0.4280,11328,0.2267,9,13,11,12,21
215,0.4300,11364,0.2274,9,13,11,12,21
216,0.4320,11434,0.2288,9,13,11,12,21
217,0.4340,11460,0.2293,9,13,11,12,21
218,0.4360,11530,0.2307,9,13,11,12,21
219,0.4380,11533,0.2308,9,13,11,12,21
220,0.4400,11554,0.2312,9,13,11,12,21
221,0.4420,11590,0.2319,9,13,11,12,21
222,0.4440,11629,0.2327,9,13,11,12,21
223,0.4460,11699,0.2341,9,13,11,12,21
224,0.4480,11738,0.2349,9,13,11,12,21
225,0.4500,11792,0.2360,9,13,11,12,21
226,0.4520,11810,0.2363,9,13,11,12,21
227,0.4540,11880,0.2377,10,13,11,12,21
228,0.4560,11950,0.2391,10,13,11,12,21
229,0.4580,11950,0.2391,10,13,11,12,21
230,0.4600,12020,0.2405,10,13,11,12,21
231,0.4620,12087,0.2419,10,13,11,12,21
232,0.4640,12157,0.2433,10,13,11,12,21
233,0.4660,12227,0.2447,10,13,11,12,21
234,0.4680,12297,0.2461,10,13,11,12,21
235,0.4700,12324,0.2466,10,13,11,12,21
236,0.4720,12350,0.2471,10,13,11,12,21
237,0.4740,12394,0.2480,10,13,11,12,21
238,0.4760,12464,0.2494,10,13,11,12,21
239,0.4780,12503,0.2502,10,13,11,12,21
240,0.4800,12540,0.2510,10,13,11,12,21
241,0.4820,12588,0.2519,10,13,11,12,21
242,0.4840,12653,0.2532,10,13,12,12,21
243,0.4860,12653,0.2532,10,13,12,12,21
244,0.4880,12663,0.2534,10,13,12,12,21
245,0.4900,12696,0.2541,10,13,12,12,21
246,0.4920,12716,0.2545,10,13,12,12,21
247,0.4940,12755,0.2553,10,13,12,12,21
248,0.4960,12814,0.2564,10,13,12,13,21
249,0.4980,12853,0.2572,10,13,12,13,21
250,0.5000,12923,0.2586,10,13,12,13,21
251,0.5020,12970,0.2596,10,13,12,13,21
252,0.5040,12980,0.2598,10,13,12,13,21
253,0.5060,13050,0.2612,10,13,12,13,21
254,0.5080,13120,0.2626,10,13,12,13,21
255,0.5100,13190,0.2640,10,13,12,13,21
256,0.5120,13260,0.2654,10,13,12,13,21
257,0.5140,13304,0.2662,10,13,12,13,21
258,0.5160,13335,0.2669,10,13,12,13,21
259,0.5180,13335,0.2669,10,13,12,13,21
260,0.5200,13345,0.2671,10,13,12,13,21
261,0.5220,13384,0.2678,10,13,12,13,21
262,0.5240,13394,0.2680,10,13,12,13,21
263,0.5260,13464,0.2694,10,13,12,14,21
264,0.5280,13490,0.2700,10,13,13,14,21
265,0.5300,13522,0.2706,10,13,13,14,22
266,0.5320,13592,0.2720,10,13,13,14,22
267,0.5340,13616,0.2725,10,13,13,14,22
268,0.5360,13638,0.2729,10,13,13,14,22
269,0.5380,13708,0.2743,10,13,13,14,22
270,0.5400,13778,0.2757,10,13,13,14,22
271,0.5420,13815,0.2765,10,13,13,14,22
272,0.5440,13865,0.2775,10,13,13,15,22
273,0.5460,13920,0.2786,10,14,14,15,22
274,0.5480,13942,0.2790,10,14,14,15,22
275,0.5500,14012,0.2804,10,14,14,15,22
276,0.5520,14013,0.2804,10,14,14,15,22
277,0.5540,14083,0.2818,10,15,15,15,22
278,0.5560,14112,0.2824,10,15,15,16,22
279,0.5580,14151,0.2832,10,15,15,16,22
280,0.5600,14151,0.2832,10,15,15,16,22
281,0.5620,14201,0.2842,11,15,15,18,22
282,0.5640,14267,0.2855,11,15,15,18,22
283,0.5660,14335,0.2869,11,15,15,18,22
284,0.5680,14343,0.2870,11,15,15,18,22
285,0.5700,14348,0.2871,12,15,15,18,22
286,0.5720,14384,0.2879,12,15,15,18,22
287,0.5740,14453,0.2892,12,15,15,18,22
288,0.5760,14458,0.2893,12,15,15,18,22
289,0.5780,14528,0.2907,12,15,15,18,23
290,0.5800,14563,0.2914,12,15,15,18,24
291,0.5820,14604,0.2923,12,15,15,18,24
292,0.5840,14617,0.2925,12,15,15,18,24
293,0.5860,14681,0.2938,12,15,15,18,24
294,0.5880,14727,0.2947,12,15,15,18,24
295,0.5900,14756,0.2953,12,15,15,18,24
296,0.5920,14776,0.2957,12,15,15,18,24
297,0.5940,14842,0.2970,12,15,15,19,24
298,0.5960,14912,0.2984,12,15,15,19,24
299,0.5980,14928,0.2987,12,15,15,19,25
300,0.6000,14952,0.2992,12,15,15,19,25
301,0.6020,14952,0.2992,12,15,15,19,25
302,0.6040,14989,0.3000,12,15,15,19,25
303,0.6060,15007,0.3003,12,15,15,19,25
304,0.6080,15049,0.3012,12,15,15,19,25
305,0.6100,15077,0.3017,12,15,15,19,25
306,0.6120,15117,0.3025,12,15,15,19,25
307,0.6140,15156,0.3033,12,15,15,19,25
308,0.6160,15187,0.3039,12,15,15,19,25
309,0.6180,15198,0.3041,12,15,15,19,25
310,0.6200,15232,0.3048,12,15,15,19,25
311,0.6220,15274,0.3057,12,15,15,19,25
312,0.6240,15286,0.3059,12,15,15,19,26
313,0.6260,15355,0.3073,12,15,15,19,26
314,0.6280,15394,0.3081,12,15,15,19,26
315,0.6300,15402,0.3082,12,15,15,19,26
316,0.6320,15472,0.3096,12,15,15,19,26
317,0.6340,15483,0.3098,12,15,15,19,26
318,0.6360,15490,0.3100,12,15,15,19,26
319,0.6380,15492,0.3100,12,15,15,19,26
320,0.6400,15534,0.3109,12,15,15,19,26
321,0.6420,15585,0.3119,12,15,15,19,26
322,0.6440,15607,0.3123,12,15,15,19,26
323,0.6460,15646,0.3131,12,15,15,19,26
324,0.6480,15700,0.3142,12,15,15,19,26
325,0.6500,15741,0.3150,12,15,15,20,26
326,0.6520,15790,0.3160,12,15,15,20,26
327,0.6540,15849,0.3172,12,16,15,20,26
328,0.6560,15880,0.3178,13,16,15,20,26
329,0.6580,15916,0.3185,13,16,15,20,26
330,0.6600,15986,0.3199,13,16,15,20,26
331,0.6620,16002,0.3202,13,16,15,20,26
332,0.6640,16072,0.3216,13,16,15,20,26
333,0.6660,16120,0.3226,13,16,15,20,26
334,0.6680,16144,0.3231,13,16,15,20,26
335,0.6700,16214,0.3245,13,16,15,20,26
336,0.6720,16277,0.3257,13,16,15,20,26
337,0.6740,16277,0.3257,13,16,15,20,26
338,0.6760,16277,0.3257,13,16,15,20,26
339,0.6780,16347,0.3271,13,16,15,20,27
340,0.6800,16410,0.3284,13,16,15,20,27
341,0.6820,16449,0.3292,13,16,15,20,27
342,0.6840,16519,0.3306,13,16,15,20,27
343,0.6860,16530,0.3308,13,16,15,20,27
344,0.6880,16556,0.3313,13,16,15,20,27
345,0.6900,16583,0.3319,13,16,15,21,27
346,0.6920,16653,0.3333,13,16,15,22,27
347,0.6940,16694,0.3341,13,16,15,22,27
348,0.6960,16727,0.3347,13,16,15,22,27
349,0.6980,16728,0.3348,13,16,15,22,27
350,0.7000,16767,0.3355,13,16,15,22,27
351,0.7020,16768,0.3356,13,16,15,22,27
352,0.7040,16774,0.3357,13,16,15,22,27
353,0.7060,16792,0.3360,13,16,15,22,27
354,0.7080,16846,0.3371,13,16,15,22,27
355,0.7100,16916,0.3385,13,16,15,22,28
356,0.7120,16929,0.3388,13,16,15,22,28
357,0.7140,16999,0.3402,14,16,15,22,28
358,0.7160,17036,0.3409,14,16,15,22,28
359,0.7180,17106,0.3423,14,16,15,22,28
360,0.7200,17127,0.3427,14,16,15,22,28
361,0.7220,17127,0.3427,14,16,15,22,28
362,0.7240,17197,0.3441,14,16,15,22,28
363,0.7260,17256,0.3453,14,17,15,22,28
364,0.7280,17326,0.3467,14,17,15,22,29
365,0.7300,17337,0.3469,14,17,15,22,29
366,0.7320,17400,0.3482,14,17,15,22,29
367,0.7340,17470,0.3496,15,17,15,22,30
368,0.7360,17492,0.3501,15,17,15,22,30
369,0.7380,17555,0.3513,15,17,15,22,30
370,0.7400,17606,0.3523,15,17,15,22,30
371,0.7420,17676,0.3537,15,17,15,22,30
372,0.7440,17746,0.3551,15,18,15,22,30
373,0.7460,17746,0.3551,15,18,15,22,30
374,0.7480,17816,0.3565,15,18,15,22,30
375,0.7500,17886,0.3579,15,18,15,23,30
376,0.7520,17915,0.3585,15,18,15,23,30
377,0.7540,17924,0.3587,15,18,15,23,30
378,0.7560,17946,0.3591,15,18,15,23,30
379,0.7580,17946,0.3591,15,18,15,23,30
380,0.7600,18016,0.3605,16,18,15,24,30
381,0.7620,18043,0.3611,16,18,15,24,30
382,0.7640,18113,0.3625,16,18,15,24,30
383,0.7660,18115,0.3625,16,18,15,24,30
384,0.7680,18155,0.3633,16,18,15,24,30
385,0.7700,18168,0.3636,16,18,15,24,30
386,0.7720,18229,0.3648,16,18,16,24,30
387,0.7740,18248,0.3652,16,18,16,24,30
388,0.7760,18298,0.3662,16,18,16,24,30
389,0.7780,18342,0.3671,16,18,16,24,30
390,0.7800,18412,0.3685,16,18,16,24,30
391,0.7820,18462,0.3695,16,18,16,24,30
392,0.7840,18522,0.3707,17,18,16,24,30
393,0.7860,18590,0.3720,17,18,16,24,30
394,0.7880,18611,0.3724,17,18,16,24,30
395,0.7900,18662,0.3735,17,18,16,24,30
396,0.7920,18693,0.3741,17,18,16,24,32
397,0.7940,18763,0.3755,17,19,16,24,32
398,0.7960,18763,0.3755,17,19,16,24,32
399,0.7980,18763,0.3755,17,19,16,24,32
400,0.8000,18833,0.3769,17,19,16,24,32
401,0.8020,18861,0.3774,17,19,16,24,32
402,0.8040,18861,0.3774,17,19,16,24,32
403,0.8060,18884,0.3779,17,19,16,24,32
404,0.8080,18942,0.3791,18,19,16,24,32
405,0.8100,18993,0.3801,18,19,16,24,32
406,0.8120,19021,0.3806,18,19,16,24,32
407,0.8140,19065,0.3815,18,19,16,25,33
408,0.8160,19083,0.3819,18,19,16,25,33
409,0.8180,19148,0.3832,18,19,16,25,33
410,0.8200,19163,0.3835,18,19,16,25,33
411,0.8220,19163,0.3835,18,19,16,25,33
412,0.8240,19187,0.3840,18,19,16,25,33
413,0.8260,19224,0.3847,18,19,16,25,33
414,0.8280,19274,0.3857,18,19,16,25,33
415,0.8300,19327,0.3868,18,19,16,25,34
416,0.8320,19359,0.3874,18,19,16,25,34
417,0.8340,19398,0.3882,18,19,16,25,34
418,0.8360,19399,0.3882,18,19,16,25,34
419,0.8380,19428,0.3888,18,19,16,26,34
420,0.8400,19494,0.3901,18,19,16,26,34
421,0.8420,19494,0.3901,18,19,16,26,34
422,0.8440,19548,0.3912,18,19,17,26,34
423,0.8460,19618,0.3926,18,19,18,26,34
424,0.8480,19634,0.3929,18,19,18,26,34
425,0.8500,19668,0.3936,18,19,18,26,34
426,0.8520,19695,0.3941,18,19,18,26,34
427,0.8540,19765,0.3955,18,19,18,26,34
428,0.8560,19769,0.3956,18,19,18,26,34
429,0.8580,19826,0.3968,18,19,18,26,34
430,0.8600,19896,0.3982,18,19,18,26,34
431,0.8620,19896,0.3982,18,19,18,26,34
432,0.8640,19905,0.3983,19,19,18,26,34
433,0.8660,19918,0.3986,19,19,18,27,34
434,0.8680,19951,0.3993,19,19,19,27,34
435,0.8700,19951,0.3993,19,19,19,27,34
436,0.8720,19951,0.3993,19,19,19,27,34
437,0.8740,20021,0.4007,19,19,19,27,34
438,0.8760,20058,0.4014,19,19,19,27,34
439,0.8780,20086,0.4020,19,19,19,27,34
440,0.8800,20156,0.4034,19,19,19,27,34
441,0.8820,20226,0.4048,19,19,19,27,34
442,0.8840,20286,0.4060,19,19,19,27,34
443,0.8860,20286,0.4060,19,19,19,27,34
444,0.8880,20302,0.4063,19,19,19,27,34
445,0.8900,20318,0.4066,19,19,19,27,34
446,0.8920,20362,0.4075,19,19,19,27,34
447,0.8940,20389,0.4080,20,19,19,27,34
448,0.8960,20389,0.4080,20,19,19,27,34
449,0.8980,20459,0.4094,20,19,19,27,34
450,0.9000,20498,0.4102,20,19,19,27,34
451,0.9020,20538,0.4110,20,19,19,27,34
452,0.9040,20600,0.4122,20,19,19,27,34
453,0.9060,20614,0.4125,20,19,19,27,34
454,0.9080,20655,0.4133,21,19,19,27,34
455,0.9100,20686,0.4140,21,19,19,27,34
456,0.9120,20687,0.4140,21,19,19,27,34
457,0.9140,20724,0.4147,21,19,19,27,34
458,0.9160,20794,0.4161,21,19,19,27,34
459,0.9180,20815,0.4165,21,19,19,27,35
460,0.9200,20882,0.4179,21,19,19,27,35
461,0.9220,20952,0.4193,21,19,19,27,35
462,0.9240,21022,0.4207,21,20,19,27,35
463,0.9260,21063,0.4215,21,20,20,27,35
464,0.9280,21079,0.4218,21,20,20,27,35
465,0.9300,21101,0.4223,21,20,20,27,35
466,0.9320,21157,0.4234,21,20,20,27,35
467,0.9340,21191,0.4241,21,20,20,27,35
468,0.9360,21219,0.4246,21,20,20,27,35
469,0.9380,21289,0.4260,21,20,20,27,35
470,0.9400,21319,0.4266,21,20,20,27,35
471,0.9420,21333,0.4269,21,20,20,27,35
472,0.9440,21340,0.4271,21,20,20,27,35
473,0.9460,21410,0.4285,21,20,20,27,36
474,0.9480,21467,0.4296,21,20,20,27,36
475,0.9500,21474,0.4297,21,20,20,27,36
476,0.9520,21544,0.4311,21,20,20,27,36
477,0.9540,21582,0.4319,21,20,20,28,36
478,0.9560,21626,0.4328,21,20,20,28,36
479,0.9580,21696,0.4342,21,20,20,28,36
480,0.9600,21755,0.4354,21,20,20,28,36
481,0.9620,21769,0.4356,21,20,20,28,36
482,0.9640,21769,0.4356,21,20,20,28,36
483,0.9660,21788,0.4360,21,20,20,28,36
484,0.9680,21808,0.4364,21,20,20,28,36
485,0.9700,21820,0.4367,21,20,20,28,36
486,0.9720,21839,0.4370,21,20,20,28,36
487,0.9740,21860,0.4375,21,20,20,28,36
488,0.9760,21868,0.4376,21,20,20,28,36
489,0.9780,21875,0.4378,21,20,20,28,36
490,0.9800,21889,0.4380,21,20,20,28,36
491,0.9820,21948,0.4392,21,20,20,28,36
492,0.9840,22018,0.4406,21,20,20,29,36
493,0.9860,22057,0.4414,21,20,20,29,36
494,0.9880,22115,0.4426,21,20,20,29,36
495,0.9900,22154,0.4433,21,21,20,30,36
496,0.9920,22224,0.4447,21,21,20,30,36
497,0.9940,22224,0.4447,21,21,20,30,36
498,0.9960,22294,0.4461,21,21,20,30,36
499,0.9980,22294,0.4461,21,21,20,30,36
500,1.0000,22296,0.4462,21,21,20,30,36
501,1.0020,22366,0.4476,21,21,20,30,37
502,1.0040,22433,0.4489,21,22,20,30,37
503,1.0060,22503,0.4503,21,22,20,30,37
504,1.0080,22530,0.4509,21,22,20,30,37
505,1.0100,22579,0.4519,21,22,20,30,37
506,1.0120,22581,0.4519,21,22,20,30,37
507,1.0140,22608,0.4524,21,22,20,30,37
508,1.0160,22678,0.4538,21,22,20,30,37
509,1.0180,22709,0.4545,21,22,20,30,37
510,1.0200,22731,0.4549,21,22,20,30,37
511,1.0220,22737,0.4550,21,22,20,30,37
512,1.0240,22737,0.4550,21,22,20,30,37
513,1.0260,22784,0.4560,21,22,20,30,37
514,1.0280,22796,0.4562,21,22,20,30,37
515,1.0300,22866,0.4576,21,22,20,30,37
516,1.0320,22897,0.4582,22,22,20,30,37
517,1.0340,22922,0.4587,22,23,20,30,37
518,1.0360,22943,0.4591,22,23,20,30,37
519,1.0380,22994,0.4602,22,23,20,30,37
520,1.0400,22994,0.4602,22,23,20,30,37
521,1.0420,23064,0.4616,22,23,20,30,37
522,1.0440,23079,0.4619,22,23,20,30,37
523,1.0460,23117,0.4626,22,23,20,30,37
524,1.0480,23117,0.4626,22,23,20,30,37
525,1.0500,23117,0.4626,22,23,20,30,37
526,1.0520,23187,0.4640,22,23,20,30,37
527,1.0540,23187,0.4640,22,23,20,30,37
528,1.0560,23257,0.4654,22,23,20,30,37
529,1.0580,23257,0.4654,22,23,20,30,37
530,1.0600,23269,0.4657,22,23,20,30,37
531,1.0620,23270,0.4657,22,23,20,30,37
532,1.0640,23270,0.4657,22,23,20,30,37
533,1.0660,23291,0.4661,22,23,20,30,37
534,1.0680,23346,0.4672,22,23,20,30,38
535,1.0700,23377,0.4678,22,23,20,30,38
536,1.0720,23379,0.4679,22,23,20,30,38
537,1.0740,23379,0.4679,22,23,20,30,38
538,1.0760,23379,0.4679,22,23,20,30,38
539,1.0780,23392,0.4681,22,23,20,30,38
540,1.0800,23431,0.4689,22,23,20,30,38
541,1.0820,23477,0.4698,22,23,20,30,38
542,1.0840,23503,0.4703,22,23,20,30,38
543,1.0860,23509,0.4705,22,23,20,30,38
544,1.0880,23543,0.4711,22,23,20,30,38
545,1.0900,23585,0.4720,22,23,21,30,38
546,1.0920,23615,0.4726,22,23,21,30,38
547,1.0940,23685,0.4740,22,23,21,30,38
548,1.0960,23703,0.4743,22,23,21,30,38
549,1.0980,23753,0.4753,22,23,21,30,38
550,1.1000,23753,0.4753,22,23,21,30,38
551,1.1020,23753,0.4753,22,23,21,30,38
552,1.1040,23779,0.4759,22,23,21,30,38
553,1.1060,23817,0.4766,22,23,21,30,38
554,1.1080,23839,0.4771,22,23,21,30,38
555,1.1100,23850,0.4773,22,23,21,30,38
556,1.1120,23880,0.4779,22,23,21,30,38
557,1.1140,23907,0.4784,22,23,21,30,38
558,1.1160,23952,0.4793,22,23,21,30,38
559,1.1180,23952,0.4793,22,23,21,30,38
560,1.1200,23976,0.4798,22,23,21,30,38
561,1.1220,23976,0.4798,22,23,21,30,38
562,1.1240,23984,0.4800,22,23,21,30,38
563,1.1260,24054,0.4814,22,23,21,30,39
564,1.1280,24099,0.4823,22,23,21,30,39
565,1.1300,24108,0.4824,22,23,21,30,39
566,1.1320,24172,0.4837,22,23,21,30,39
567,1.1340,24193,0.4842,22,23,21,30,39
568,1.1360,24211,0.4845,22,23,21,30,39
569,1.1380,24216,0.4846,22,23,21,30,39
570,1.1400,24228,0.4849,22,23,21,30,39
571,1.1420,24257,0.4854,22,23,21,30,39
572,1.1440,24262,0.4855,22,23,21,30,39
573,1.1460,24332,0.4869,22,23,21,30,39
574,1.1480,24349,0.4873,22,23,21,30,39
575,1.1500,24349,0.4873,22,23,21,30,39
576,1.1520,24349,0.4873,22,23,21,30,39
577,1.1540,24419,0.4887,22,23,21,30,40
578,1.1560,24419,0.4887,22,23,21,30,40
579,1.1580,24489,0.4901,22,23,21,30,40
580,1.1600,24498,0.4903,22,23,21,30,40
581,1.1620,24533,0.4910,22,23,21,30,40
582,1.1640,24565,0.4916,22,23,21,30,40
583,1.1660,24615,0.4926,22,23,22,30,40
584,1.1680,24637,0.4930,22,23,22,30,40
585,1.1700,24672,0.4937,22,23,22,31,40
586,1.1720,24742,0.4951,22,23,22,31,40
587,1.1740,24748,0.4953,22,23,22,31,40
588,1.1760,24763,0.4956,22,23,22,31,40
589,1.1780,24825,0.4968,22,23,22,31,41
590,1.1800,24868,0.4977,22,23,22,31,41
591,1.1820,24868,0.4977,22,23,22,31,41
592,1.1840,24918,0.4987,22,24,22,31,41
593,1.1860,24961,0.4995,22,24,22,31,41
594,1.1880,24961,0.4995,22,24,22,31,41
595,1.1900,24975,0.4998,22,24,22,31,41
596,1.1920,24975,0.4998,22,24,22,31,41
597,1.1940,25045,0.5012,22,24,23,31,41
598,1.1960,25073,0.5018,22,24,23,31,42
599,1.1980,25134,0.5030,22,24,23,31,42
600,1.2000,25134,0.5030,22,24,23,31,42
601,1.2020,25195,0.5042,22,24,23,31,42
602,1.2040,25229,0.5049,22,24,23,31,42
603,1.2060,25232,0.5049,22,24,23,31,42
604,1.2080,25250,0.5053,22,24,23,31,42
605,1.2100,25251,0.5053,22,24,23,31,42
606,1.2120,25321,0.5067,22,24,23,31,42
607,1.2140,25390,0.5081,22,24,23,31,42
608,1.2160,25397,0.5082,22,24,23,31,42
609,1.2180,25415,0.5086,22,24,23,31,42
610,1.2200,25415,0.5086,22,24,23,31,42
611,1.2220,25415,0.5086,22,24,23,31,42
612,1.2240,25485,0.5100,22,24,23,31,42
613,1.2260,25520,0.5107,22,24,23,31,42
614,1.2280,25539,0.5111,22,24,23,31,42
615,1.2300,25605,0.5124,22,24,23,31,42
616,1.2320,25614,0.5126,22,24,23,31,42
617,1.2340,25684,0.5140,22,24,23,31,42
618,1.2360,25736,0.5150,22,24,23,31,42
619,1.2380,25775,0.5158,22,24,23,32,42
620,1.2400,25783,0.5160,22,24,23,32,42
621,1.2420,25847,0.5173,22,24,23,32,42
622,1.2440,25867,0.5177,22,24,23,32,42
623,1.2460,25882,0.5180,22,24,23,32,42
624,1.2480,25916,0.5186,22,24,23,32,42
625,1.2500,25947,0.5193,22,24,23,33,42
626,1.2520,25953,0.5194,22,24,23,33,42
627,1.2540,26003,0.5204,22,24,23,33,42
628,1.2560,26063,0.5216,22,24,23,33,42
629,1.2580,26068,0.5217,22,24,23,33,42
630,1.2600,26074,0.5218,22,24,23,33,42
631,1.2620,26074,0.5218,22,24,23,33,42
632,1.2640,26120,0.5227,22,24,23,33,42
633,1.2660,26120,0.5227,22,24,23,33,42
634,1.2680,26137,0.5231,22,24,23,33,42
635,1.2700,26170,0.5237,22,24,23,33,42
636,1.2720,26193,0.5242,22,24,23,33,42
637,1.2740,26226,0.5248,22,24,23,33,42
638,1.2760,26296,0.5262,22,24,23,33,42
639,1.2780,26296,0.5262,22,24,23,33,42
640,1.2800,26361,0.5275,22,24,23,33,42
641,1.2820,26431,0.5289,22,24,23,33,42
642,1.2840,26500,0.5303,22,24,23,33,42
643,1.2860,26570,0.5317,22,24,24,33,42
644,1.2880,26608,0.5325,22,24,24,33,42
645,1.2900,26642,0.5332,22,24,24,33,42
646,1.2920,26642,0.5332,22,24,24,33,42
647,1.2940,26712,0.5346,22,24,24,33,42
648,1.2960,26716,0.5346,22,24,24,33,42
649,1.2980,26716,0.5346,22,24,24,33,42
650,1.3000,26729,0.5349,22,24,24,33,42
651,1.3020,26799,0.5363,22,24,24,33,42
652,1.3040,26814,0.5366,22,24,24,33,42
653,1.3060,26861,0.5375,22,24,24,33,42
654,1.3080,26866,0.5376,22,24,24,33,42
655,1.3100,26878,0.5379,22,24,24,33,42
656,1.3120,26888,0.5381,22,24,24,33,42
657,1.3140,26891,0.5381,22,24,24,33,42
658,1.3160,26936,0.5390,22,24,24,33,42
659,1.3180,27006,0.5404,22,24,24,33,42
660,1.3200,27052,0.5414,22,24,24,33,43
661,1.3220,27091,0.5421,22,24,24,33,43
662,1.3240,27091,0.5421,22,24,24,33,43
663,1.3260,27161,0.5435,22,24,24,33,43
664,1.3280,27161,0.5435,22,24,24,33,43
665,1.3300,27179,0.5439,22,24,24,33,43
666,1.3320,27236,0.5450,22,24,24,33,44
667,1.3340,27236,0.5450,22,24,24,33,44
668,1.3360,27237,0.5451,22,24,24,33,44
669,1.3380,27237,0.5451,22,24,24,33,44
670,1.3400,27270,0.5457,22,24,24,33,44
671,1.3420,27313,0.5466,22,24,24,33,44
672,1.3440,27372,0.5478,22,24,24,33,45
673,1.3460,27386,0.5480,22,24,24,33,45
674,1.3480,27386,0.5480,22,24,24,33,45
675,1.3500,27419,0.5487,22,24,24,33,45
676,1.3520,27486,0.5501,22,24,24,33,45
677,1.3540,27531,0.5510,22,24,24,33,45
678,1.3560,27550,0.5513,22,24,24,33,45
679,1.3580,27620,0.5527,22,24,24,33,45
680,1.3600,27660,0.5535,22,24,24,34,45
681,1.3620,27681,0.5540,22,24,24,34,45
682,1.3640,27681,0.5540,22,24,24,34,45
683,1.3660,27702,0.5544,22,24,24,34,45
684,1.3680,27772,0.5558,22,24,24,34,45
685,1.3700,27772,0.5558,22,24,24,34,45
686,1.3720,27838,0.5571,22,24,24,34,45
687,1.3740,27873,0.5578,22,24,24,34,45
688,1.3760,27877,0.5579,22,24,24,34,45
689,1.3780,27899,0.5583,22,24,24,34,45
690,1.3800,27903,0.5584,22,24,24,34,45
691,1.3820,27903,0.5584,22,24,24,34,45
692,1.3840,27960,0.5595,22,24,24,34,45
693,1.3860,27986,0.5601,22,24,24,34,45
694,1.3880,27998,0.5603,22,24,24,34,45
695,1.3900,28057,0.5615,22,24,24,35,45
696,1.3920,28057,0.5615,22,24,24,35,45
697,1.3940,28094,0.5622,22,24,24,35,45
698,1.3960,28150,0.5633,22,24,24,35,45
699,1.3980,28220,0.5647,22,24,24,35,45
700,1.4000,28290,0.5661,22,24,24,35,45
701,1.4020,28290,0.5661,22,24,24,35,45
702,1.4040,28319,0.5667,22,24,24,35,46
703,1.4060,28319,0.5667,22,24,24,35,46
704,1.4080,28350,0.5673,22,24,24,35,46
705,1.4100,28406,0.5685,22,24,24,35,46
706,1.4120,28441,0.5692,22,24,24,35,46
707,1.4140,28491,0.5702,22,24,24,35,46
708,1.4160,28492,0.5702,22,24,24,35,46
709,1.4180,28492,0.5702,22,24,24,35,46
710,1.4200,28512,0.5706,22,24,24,35,46
711,1.4220,28539,0.5711,22,24,24,35,46
712,1.4240,28539,0.5711,22,24,24,35,46
713,1.4260,28609,0.5725,22,24,24,35,46
714,1.4280,28664,0.5736,22,24,24,35,46
715,1.4300,28664,0.5736,22,24,24,35,46
716,1.4320,28686,0.5741,22,24,24,35,46
717,1.4340,28686,0.5741,22,24,24,35,46
718,1.4360,28728,0.5749,22,24,24,35,46
719,1.4380,28782,0.5760,22,24,24,35,46
720,1.4400,28783,0.5760,22,24,24,35,46
721,1.4420,28787,0.5761,22,24,24,35,46
722,1.4440,28787,0.5761,22,24,24,35,46
723,1.4460,28787,0.5761,22,24,24,35,46
724,1.4480,28820,0.5767,23,24,24,35,46
725,1.4500,28881,0.5780,23,24,24,35,46
726,1.4520,28888,0.5781,23,24,24,35,46
727,1.4540,28925,0.5788,23,24,24,35,46
728,1.4560,28970,0.5797,23,24,24,35,46
729,1.4580,28970,0.5797,23,24,24,35,46
730,1.4600,29030,0.5809,23,24,25,35,46
731,1.4620,29049,0.5813,23,24,25,35,46
732,1.4640,29049,0.5813,23,24,25,35,46
733,1.4660,29080,0.5819,23,24,25,35,46
734,1.4680,29080,0.5819,23,24,25,35,46
735,1.4700,29126,0.5829,23,24,25,35,46
736,1.4720,29155,0.5835,23,24,25,35,46
737,1.4740,29164,0.5836,23,24,25,35,46
738,1.4760,29192,0.5842,23,24,25,35,46
739,1.4780,29215,0.5847,23,24,25,35,46
740,1.4800,29228,0.5849,23,24,25,35,46
741,1.4820,29238,0.5851,23,24,25,35,46
742,1.4840,29238,0.5851,23,24,25,35,46
743,1.4860,29266,0.5857,23,24,25,35,46
744,1.4880,29319,0.5867,23,24,25,35,46
745,1.4900,29351,0.5874,23,24,25,35,47
746,1.4920,29356,0.5875,23,24,25,35,47
747,1.4940,29361,0.5876,23,24,25,35,47
748,1.4960,29407,0.5885,23,24,26,35,47
749,1.4980,29477,0.5899,23,24,27,35,48
750,1.5000,29477,0.5899,23,24,27,35,48
751,1.5020,29477,0.5899,23,24,27,35,48
752,1.5040,29521,0.5908,23,24,27,35,48
753,1.5060,29577,0.5919,23,25,27,35,48
754,1.5080,29597,0.5923,23,25,27,35,48
755,1.5100,29612,0.5926,23,25,27,35,48
756,1.5120,29647,0.5933,24,25,27,35,48
757,1.5140,29717,0.5947,24,25,27,35,48
758,1.5160,29721,0.5948,24,25,27,35,48
759,1.5180,29721,0.5948,24,25,27,35,48
760,1.5200,29748,0.5953,24,25,27,35,48
761,1.5220,29763,0.5956,24,25,27,35,48
762,1.5240,29796,0.5963,24,25,27,35,48
763,1.5260,29797,0.5963,24,25,27,35,48
764,1.5280,29840,0.5972,24,25,27,35,48
765,1.5300,29859,0.5975,24,25,27,35,48
766,1.5320,29929,0.5989,24,26,27,35,48
767,1.5340,29957,0.5995,24,26,27,35,48
768,1.5360,29971,0.5998,24,26,27,35,48
769,1.5380,29985,0.6001,24,26,27,35,48
770,1.5400,30012,0.6006,24,26,27,35,48
771,1.5420,30054,0.6014,24,26,28,35,48
772,1.5440,30082,0.6020,24,26,28,35,48
773,1.5460,30121,0.6028,24,26,28,35,48
774,1.5480,30150,0.6034,24,26,28,35,48
775,1.5500,30150,0.6034,24,26,28,35,48
776,1.5520,30150,0.6034,24,26,28,35,48
777,1.5540,30169,0.6037,24,26,28,35,48
778,1.5560,30182,0.6040,24,26,28,35,48
779,1.5580,30182,0.6040,24,26,28,35,48
780,1.5600,30182,0.6040,24,26,28,35,48
781,1.5620,30238,0.6051,24,26,28,35,48
782,1.5640,30284,0.6060,24,26,28,35,48
783,1.5660,30299,0.6063,24,26,28,35,48
784,1.5680,30351,0.6074,24,26,28,35,48
785,1.5700,30351,0.6074,24,26,28,35,48
786,1.5720,30351,0.6074,24,26,28,35,48
787,1.5740,30377,0.6079,24,26,28,35,48
788,1.5760,30391,0.6082,24,26,28,35,48
789,1.5780,30391,0.6082,24,26,28,35,48
790,1.5800,30423,0.6088,24,26,28,35,48
791,1.5820,30435,0.6091,24,26,28,35,48
792,1.5840,30441,0.6092,24,26,28,35,48
793,1.5860,30480,0.6100,24,26,28,35,48
794,1.5880,30493,0.6102,24,26,28,35,48
795,1.5900,30540,0.6112,24,26,28,35,48
796,1.5920,30553,0.6114,24,26,28,35,48
797,1.5940,30611,0.6126,24,26,28,35,48
798,1.5960,30611,0.6126,24,26,28,35,48
799,1.5980,30620,0.6128,24,26,28,35,48
800,1.6000,30643,0.6132,24,27,28,35,48
801,1.6020,30662,0.6136,24,27,28,35,48
802,1.6040,30662,0.6136,24,27,28,35,48
803,1.6060,30680,0.6140,24,27,28,35,48
804,1.6080,30718,0.6147,24,27,28,35,48
805,1.6100,30767,0.6157,24,27,28,35,48
806,1.6120,30820,0.6168,24,27,28,35,48
807,1.6140,30860,0.6176,24,27,28,35,48
808,1.6160,30930,0.6190,24,27,28,35,48
809,1.6180,30978,0.6199,24,27,28,35,48
810,1.6200,31017,0.6207,24,27,28,35,48
811,1.6220,31017,0.6207,24,27,28,35,48
812,1.6240,31017,0.6207,24,27,28,35,48
813,1.6260,31017,0.6207,24,27,28,35,48
814,1.6280,31017,0.6207,24,27,28,35,48
815,1.6300,31050,0.6214,24,27,28,35,48
816,1.6320,31077,0.6219,24,27,28,35,48
817,1.6340,31098,0.6223,24,27,28,35,48
818,1.6360,31098,0.6223,24,27,28,35,48
819,1.6380,31104,0.6225,24,27,28,35,48
820,1.6400,31107,0.6225,24,27,28,35,48
821,1.6420,31138,0.6231,24,27,28,35,48
822,1.6440,31180,0.6240,24,27,28,35,48
823,1.6460,31180,0.6240,24,27,28,35,48
824,1.6480,31230,0.6250,24,27,28,35,48
825,1.6500,31230,0.6250,24,27,28,35,48
826,1.6520,31230,0.6250,24,27,28,35,48
827,1.6540,31230,0.6250,24,27,28,35,48
828,1.6560,31260,0.6256,24,27,28,35,48
829,1.6580,31313,0.6266,24,27,28,35,48
830,1.6600,31357,0.6275,24,27,28,35,48
831,1.6620,31385,0.6281,25,27,28,35,48
832,1.6640,31398,0.6283,25,27,28,35,48
833,1.6660,31403,0.6284,25,27,28,35,48
834,1.6680,31420,0.6288,25,27,28,35,48
835,1.6700,31435,0.6291,25,27,28,35,48
836,1.6720,31435,0.6291,25,27,28,35,48
837,1.6740,31453,0.6294,25,27,28,35,48
838,1.6760,31475,0.6299,25,27,28,35,48
839,1.6780,31475,0.6299,25,27,28,35,48
840,1.6800,31516,0.6307,25,28,28,35,49
841,1.6820,31516,0.6307,25,28,28,35,49
842,1.6840,31548,0.6313,25,28,28,35,49
843,1.6860,31548,0.6313,25,28,28,35,49
844,1.6880,31617,0.6327,25,28,28,35,49
845,1.6900,31648,0.6333,25,28,28,35,49
846,1.6920,31648,0.6333,25,28,28,35,49
847,1.6940,31654,0.6335,25,28,28,35,49
848,1.6960,31687,0.6341,26,28,28,35,49
849,1.6980,31703,0.6344,26,28,28,35,49
850,1.7000,31708,0.6345,26,28,28,35,49
851,1.7020,31751,0.6354,26,28,28,35,49
852,1.7040,31821,0.6368,26,28,29,35,49
853,1.7060,31823,0.6368,26,28,29,35,49
854,1.7080,31893,0.6382,26,28,29,35,49
855,1.7100,31908,0.6385,26,28,29,35,49
856,1.7120,31909,0.6386,26,28,29,35,49
857,1.7140,31937,0.6391,26,28,29,35,50
858,1.7160,31937,0.6391,26,28,29,35,50
859,1.7180,31957,0.6395,26,28,29,35,50
860,1.7200,32016,0.6407,26,28,29,35,51
861,1.7220,32026,0.6409,26,28,29,35,51
862,1.7240,32067,0.6417,26,28,29,35,51
863,1.7260,32114,0.6427,26,28,29,35,51
864,1.7280,32158,0.6435,26,28,29,35,51
865,1.7300,32193,0.6442,26,28,29,35,52
866,1.7320,32193,0.6442,26,28,29,35,52
867,1.7340,32193,0.6442,26,28,29,35,52
868,1.7360,32237,0.6451,27,28,29,35,52
869,1.7380,32237,0.6451,27,28,29,35,52
870,1.7400,32245,0.6453,27,28,29,35,52
871,1.7420,32245,0.6453,27,28,29,35,52
872,1.7440,32245,0.6453,27,28,29,35,52
873,1.7460,32258,0.6455,27,28,29,35,52
874,1.7480,32284,0.6461,27,28,29,35,52
875,1.7500,32354,0.6475,27,28,29,35,52
876,1.7520,32385,0.6481,27,28,29,35,52
877,1.7540,32385,0.6481,27,28,29,35,52
878,1.7560,32385,0.6481,27,28,29,35,52
879,1.7580,32385,0.6481,27,28,29,35,52
880,1.7600,32385,0.6481,27,28,29,35,52
881,1.7620,32396,0.6483,27,28,29,35,52
882,1.7640,32423,0.6488,27,28,30,35,53
883,1.7660,32462,0.6496,27,28,30,35,53
884,1.7680,32471,0.6498,27,28,30,35,53
885,1.7700,32475,0.6499,27,28,30,35,53
886,1.7720,32545,0.6513,27,28,30,35,54
887,1.7740,32558,0.6516,27,28,30,35,54
888,1.7760,32558,0.6516,27,28,30,35,54
889,1.7780,32558,0.6516,27,28,30,35,54
890,1.7800,32589,0.6522,27,28,30,35,54
891,1.7820,32620,0.6528,27,28,30,35,54
892,1.7840,32680,0.6540,27,28,30,35,54
893,1.7860,32746,0.6553,27,28,30,36,54
894,1.7880,32756,0.6555,27,28,30,36,54
895,1.7900,32763,0.6557,27,28,30,36,54
896,1.7920,32763,0.6557,27,28,30,36,54
897,1.7940,32797,0.6563,27,28,30,36,54
898,1.7960,32797,0.6563,27,28,30,36,54
899,1.7980,32797,0.6563,27,28,30,36,54
900,1.8000,32827,0.6569,27,28,30,36,54
901,1.8020,32876,0.6579,27,28,30,36,55
902,1.8040,32914,0.6587,27,28,30,36,55
903,1.8060,32940,0.6592,27,28,30,36,55
904,1.8080,32995,0.6603,27,28,30,36,55
905,1.8100,33020,0.6608,27,28,30,36,55
906,1.8120,33047,0.6613,27,28,30,36,55
907,1.8140,33052,0.6614,27,28,30,36,55
908,1.8160,33099,0.6624,27,28,30,36,55
909,1.8180,33099,0.6624,27,28,30,36,55
910,1.8200,33105,0.6625,27,28,30,36,55
911,1.8220,33115,0.6627,27,28,30,36,55
912,1.8240,33140,0.6632,27,28,30,36,55
913,1.8260,33210,0.6646,27,28,30,36,55
914,1.8280,33248,0.6654,27,28,30,36,55
915,1.8300,33265,0.6657,27,28,30,36,55
916,1.8320,33290,0.6662,27,28,31,36,55
917,1.8340,33290,0.6662,27,28,31,36,55
918,1.8360,33304,0.6665,27,28,31,36,55
919,1.8380,33374,0.6679,27,28,31,36,55
920,1.8400,33375,0.6679,27,28,31,36,55
921,1.8420,33375,0.6679,27,28,31,36,55
922,1.8440,33377,0.6679,27,28,31,36,55
923,1.8460,33379,0.6680,27,28,31,36,55
924,1.8480,33394,0.6683,27,28,31,36,55
925,1.8500,33394,0.6683,27,28,31,36,55
926,1.8520,33402,0.6684,27,28,31,36,55
927,1.8540,33403,0.6685,27,28,31,36,55
928,1.8560,33464,0.6697,27,28,31,37,55
929,1.8580,33464,0.6697,27,28,31,37,55
930,1.8600,33464,0.6697,27,28,31,37,55
931,1.8620,33521,0.6708,27,28,31,38,55
932,1.8640,33540,0.6712,27,28,31,38,55
933,1.8660,33540,0.6712,27,28,31,38,55
934,1.8680,33610,0.6726,27,28,31,38,55
935,1.8700,33610,0.6726,27,28,31,38,55
936,1.8720,33644,0.6733,27,28,31,38,55
937,1.8740,33644,0.6733,27,28,31,38,55
938,1.8760,33644,0.6733,27,28,31,38,55
939,1.8780,33647,0.6733,27,28,31,38,55
940,1.8800,33702,0.6744,27,28,31,39,55
941,1.8820,33724,0.6749,27,28,31,39,55
942,1.8840,33724,0.6749,27,28,31,39,55
943,1.8860,33763,0.6757,27,28,31,39,55
944,1.8880,33763,0.6757,27,28,31,39,55
945,1.8900,33804,0.6765,27,28,31,39,55
946,1.8920,33826,0.6769,27,28,31,39,55
947,1.8940,33826,0.6769,27,28,31,39,55
948,1.8960,33838,0.6772,27,28,31,39,55
949,1.8980,33856,0.6775,27,28,31,39,55
950,1.9000,33881,0.6780,27,28,31,39,55
951,1.9020,33881,0.6780,27,28,31,39,55
952,1.9040,33886,0.6781,27,28,31,39,55
953,1.9060,33921,0.6788,27,28,31,39,55
954,1.9080,33936,0.6791,27,28,31,39,55
955,1.9100,33937,0.6791,27,28,31,39,55
956,1.9120,33958,0.6796,27,28,31,39,55
957,1.9140,33959,0.6796,27,28,31,39,55
958,1.9160,33959,0.6796,27,28,31,39,55
959,1.9180,33967,0.6797,27,28,31,39,55
960,1.9200,33982,0.6800,27,28,31,39,55
961,1.9220,34041,0.6812,27,28,31,40,55
962,1.9240,34066,0.6817,27,28,31,40,55
963,1.9260,34098,0.6824,27,28,31,40,55
964,1.9280,34098,0.6824,27,28,31,40,55
965,1.9300,34128,0.6830,27,28,31,40,55
966,1.9320,34130,0.6830,27,28,31,40,55
967,1.9340,34130,0.6830,27,28,31,40,55
968,1.9360,34130,0.6830,27,28,31,40,55
969,1.9380,34147,0.6834,27,28,31,40,55
970,1.9400,34147,0.6834,27,28,31,40,55
971,1.9420,34171,0.6838,27,28,31,40,55
972,1.9440,34223,0.6849,27,28,31,40,55
973,1.9460,34223,0.6849,27,28,31,40,55
974,1.9480,34223,0.6849,27,28,31,40,55
975,1.9500,34275,0.6859,27,28,31,40,55
976,1.9520,34345,0.6873,27,28,31,40,55
977,1.9540,34363,0.6877,27,28,31,40,55
978,1.9560,34413,0.6887,27,28,31,40,55
979,1.9580,34417,0.6888,27,28,31,40,55
980,1.9600,34442,0.6893,27,28,31,40,55
981,1.9620,34473,0.6899,27,28,31,40,55
982,1.9640,34479,0.6900,27,28,31,40,55
983,1.9660,34479,0.6900,27,28,31,40,55
984,1.9680,34479,0.6900,27,28,31,40,55
985,1.9700,34479,0.6900,27,28,31,40,55
986,1.9720,34518,0.6908,27,28,31,40,55
987,1.9740,34532,0.6911,27,28,31,40,55
988,1.9760,34565,0.6917,27,28,31,40,55
989,1.9780,34615,0.6927,27,28,31,40,55
990,1.9800,34633,0.6931,27,28,31,40,55
991,1.9820,34646,0.6933,27,28,31,40,55
992,1.9840,34668,0.6938,27,28,31,40,55
993,1.9860,34669,0.6938,27,28,31,40,55
994,1.9880,34723,0.6949,27,28,31,40,55
995,1.9900,34723,0.6949,27,28,31,40,55
996,1.9920,34723,0.6949,27,28,31,40,55
997,1.9940,34768,0.6958,27,28,32,40,55
998,1.9960,34836,0.6971,28,28,32,40,55
999,1.9980,34860,0.6976,28,28,32,40,55
1000,2.0000,34911,0.6986,28,28,33,40,55
1001,2.0020,34917,0.6988,28,28,33,40,55
1002,2.0040,34939,0.6992,28,28,33,40,55
1003,2.0060,34946,0.6993,28,28,33,40,55
1004,2.0080,34997,0.7004,28,28,34,40,55
1005,2.0100,35030,0.7010,28,28,34,40,55
1006,2.0120,35030,0.7010,28,28,34,40,55
1007,2.0140,35090,0.7022,28,28,34,40,55
1008,2.0160,35108,0.7026,28,28,34,40,55
1009,2.0180,35111,0.7026,28,28,34,40,55
1010,2.0200,35127,0.7030,28,28,34,40,55
1011,2.0220,35195,0.7043,28,28,34,40,55
1012,2.0240,35195,0.7043,28,28,34,40,55
1013,2.0260,35203,0.7045,28,28,34,40,55
1014,2.0280,35208,0.7046,28,28,34,40,55
1015,2.0300,35255,0.7055,28,28,34,40,55
1016,2.0320,35255,0.7055,28,28,34,40,55
1017,2.0340,35301,0.7064,28,28,34,40,55
1018,2.0360,35311,0.7066,28,28,34,40,55
1019,2.0380,35311,0.7066,28,28,34,40,55
1020,2.0400,35316,0.7067,28,28,34,40,55
1021,2.0420,35316,0.7067,28,28,34,40,55
1022,2.0440,35316,0.7067,28,28,34,40,55
1023,2.0460,35366,0.7077,28,28,34,40,55
1024,2.0480,35366,0.7077,28,28,34,40,55
1025,2.0500,35366,0.7077,28,28,34,40,55
1026,2.0520,35409,0.7086,28,28,34,40,55
1027,2.0540,35442,0.7093,28,28,34,40,55
1028,2.0560,35456,0.7095,28,28,34,40,55
1029,2.0580,35456,0.7095,28,28,34,40,55
1030,2.0600,35485,0.7101,28,28,34,40,55
1031,2.0620,35539,0.7112,28,28,34,40,55
1032,2.0640,35590,0.7122,28,28,34,40,55
1033,2.0660,35622,0.7129,28,28,34,40,55
1034,2.0680,35622,0.7129,28,28,34,40,55
1035,2.0700,35622,0.7129,28,28,34,40,55
1036,2.0720,35651,0.7134,28,28,34,40,55
1037,2.0740,35651,0.7134,28,28,34,40,55
1038,2.0760,35651,0.7134,28,28,34,40,55
1039,2.0780,35689,0.7142,28,28,34,40,55
1040,2.0800,35689,0.7142,28,28,34,40,55
1041,2.0820,35726,0.7149,28,28,34,40,55
1042,2.0840,35726,0.7149,28,28,34,40,55
1043,2.0860,35726,0.7149,28,28,34,40,55
1044,2.0880,35739,0.7152,28,28,34,40,55
1045,2.0900,35739,0.7152,28,28,34,40,55
1046,2.0920,35759,0.7156,28,28,34,40,55
1047,2.0940,35763,0.7157,28,28,34,40,55
1048,2.0960,35763,0.7157,28,28,34,40,55
1049,2.0980,35833,0.7171,28,28,34,41,55
1050,2.1000,35868,0.7178,28,28,34,41,55
1051,2.1020,35924,0.7189,28,28,34,41,55
1052,2.1040,35925,0.7189,28,28,34,41,55
1053,2.1060,35925,0.7189,28,28,34,41,55
1054,2.1080,35925,0.7189,28,28,34,41,55
1055,2.1100,35962,0.7197,28,29,34,41,55
1056,2.1120,35978,0.7200,28,29,34,41,55
1057,2.1140,35978,0.7200,28,29,34,41,55
1058,2.1160,35999,0.7204,28,29,34,41,55
1059,2.1180,36069,0.7218,28,30,34,41,55
1060,2.1200,36117,0.7228,28,30,34,41,55
1061,2.1220,36117,0.7228,28,30,34,41,55
1062,2.1240,36120,0.7228,28,30,34,41,55
1063,2.1260,36120,0.7228,28,30,34,41,55
1064,2.1280,36120,0.7228,28,30,34,41,55
1065,2.1300,36120,0.7228,28,30,34,41,55
1066,2.1320,36120,0.7228,28,30,34,41,55
1067,2.1340,36139,0.7232,28,30,34,41,55
1068,2.1360,36163,0.7237,28,30,34,41,55
1069,2.1380,36183,0.7241,28,30,34,41,55
1070,2.1400,36229,0.7250,28,30,34,41,55
1071,2.1420,36264,0.7257,28,30,34,41,55
1072,2.1440,36264,0.7257,28,30,34,41,55
1073,2.1460,36264,0.7257,28,30,34,41,55
1074,2.1480,36271,0.7259,28,30,34,41,55
1075,2.1500,36298,0.7264,28,30,34,41,55
1076,2.1520,36298,0.7264,28,30,34,41,55
1077,2.1540,36298,0.7264,28,30,34,41,55
1078,2.1560,36332,0.7271,28,30,34,41,55
1079,2.1580,36332,0.7271,28,30,34,41,55
1080,2.1600,36332,0.7271,28,30,34,41,55
1081,2.1620,36332,0.7271,28,30,34,41,55
1082,2.1640,36332,0.7271,28,30,34,41,55
1083,2.1660,36402,0.7285,28,30,34,41,55
1084,2.1680,36402,0.7285,28,30,34,41,55
1085,2.1700,36415,0.7287,28,30,34,41,55
1086,2.1720,36443,0.7293,28,30,34,41,55
1087,2.1740,36443,0.7293,28,30,34,41,55
1088,2.1760,36443,0.7293,28,30,34,41,55
1089,2.1780,36443,0.7293,28,30,34,41,55
1090,2.1800,36449,0.7294,28,30,34,41,55
1091,2.1820,36453,0.7295,28,30,34,41,55
1092,2.1840,36488,0.7302,28,30,34,41,55
1093,2.1860,36488,0.7302,28,30,34,41,55
1094,2.1880,36494,0.7303,28,30,34,41,55
1095,2.1900,36494,0.7303,28,30,34,41,55
1096,2.1920,36499,0.7304,28,30,34,41,55
1097,2.1940,36499,0.7304,28,30,34,41,55
1098,2.1960,36499,0.7304,28,30,34,41,55
1099,2.1980,36499,0.7304,28,30,34,41,55
1100,2.2000,36515,0.7307,28,30,34,41,55
1101,2.2020,36520,0.7308,28,30,34,41,55
1102,2.2040,36520,0.7308,28,30,34,41,55
1103,2.2060,36520,0.7308,28,30,34,41,55
1104,2.2080,36520,0.7308,28,30,34,41,55
1105,2.2100,36520,0.7308,28,30,34,41,55
1106,2.2120,36555,0.7315,28,30,34,41,55
1107,2.2140,36586,0.7322,28,30,34,41,55
1108,2.2160,36604,0.7325,28,30,34,41,55
1109,2.2180,36604,0.7325,28,30,34,41,55
1110,2.2200,36612,0.7327,28,30,34,41,55
1111,2.2220,36612,0.7327,28,30,34,41,55
1112,2.2240,36682,0.7341,28,31,34,41,55
1113,2.2260,36709,0.7346,28,31,34,41,55
1114,2.2280,36709,0.7346,28,31,34,41,55
1115,2.2300,36717,0.7348,28,31,34,41,55
1116,2.2320,36717,0.7348,28,31,34,41,55
1117,2.2340,36733,0.7351,28,31,34,41,55
1118,2.2360,36744,0.7353,28,31,34,41,55
1119,2.2380,36753,0.7355,28,31,34,41,55
1120,2.2400,36773,0.7359,28,31,34,41,55
1121,2.2420,36773,0.7359,28,31,34,41,55
1122,2.2440,36828,0.7370,28,31,34,41,55
1123,2.2460,36828,0.7370,28,31,34,41,55
1124,2.2480,36828,0.7370,28,31,34,41,55
1125,2.2500,36856,0.7376,28,31,34,41,55
1126,2.2520,36872,0.7379,28,31,34,41,55
1127,2.2540,36886,0.7382,28,31,34,41,55
1128,2.2560,36917,0.7388,28,31,34,41,55
1129,2.2580,36917,0.7388,28,31,34,41,55
1130,2.2600,36920,0.7388,28,31,34,41,55
1131,2.2620,36920,0.7388,28,31,34,41,55
1132,2.2640,36959,0.7396,28,31,34,41,55
1133,2.2660,36968,0.7398,28,31,34,41,55
1134,2.2680,36968,0.7398,28,31,34,41,55
1135,2.2700,36968,0.7398,28,31,34,41,55
1136,2.2720,37013,0.7407,28,31,34,42,55
1137,2.2740,37076,0.7420,28,31,34,42,55
1138,2.2760,37076,0.7420,28,31,34,42,55
1139,2.2780,37076,0.7420,28,31,34,42,55
1140,2.2800,37076,0.7420,28,31,34,42,55
1141,2.2820,37076,0.7420,28,31,34,42,55
1142,2.2840,37076,0.7420,28,31,34,42,55
1143,2.2860,37076,0.7420,28,31,34,42,55
1144,2.2880,37076,0.7420,28,31,34,42,55
1145,2.2900,37076,0.7420,28,31,34,42,55
1146,2.2920,37146,0.7434,28,31,34,42,55
1147,2.2940,37194,0.7443,29,31,35,42,55
1148,2.2960,37219,0.7448,30,31,35,42,55
1149,2.2980,37219,0.7448,30,31,35,42,55
1150,2.3000,37240,0.7452,30,31,36,42,55
1151,2.3020,37240,0.7452,30,31,36,42,55
1152,2.3040,37289,0.7462,30,31,36,42,55
1153,2.3060,37289,0.7462,30,31,36,42,55
1154,2.3080,37331,0.7471,30,31,36,42,55
1155,2.3100,37358,0.7476,30,31,36,42,55
1156,2.3120,37363,0.7477,30,31,36,42,55
1157,2.3140,37364,0.7477,30,31,36,42,55
1158,2.3160,37374,0.7479,30,31,36,42,55
1159,2.3180,37374,0.7479,30,31,36,42,55
1160,2.3200,37374,0.7479,30,31,36,42,55
1161,2.3220,37382,0.7481,30,31,36,42,55
1162,2.3240,37385,0.7481,30,31,36,42,55
1163,2.3260,37389,0.7482,30,31,36,42,55
1164,2.3280,37389,0.7482,30,31,36,42,55
1165,2.3300,37427,0.7490,30,31,36,42,55
1166,2.3320,37427,0.7490,30,31,36,42,55
1167,2.3340,37449,0.7494,30,31,36,42,55
1168,2.3360,37452,0.7495,30,31,36,42,55
1169,2.3380,37508,0.7506,30,31,37,42,55
1170,2.3400,37574,0.7519,30,31,37,42,55
1171,2.3420,37577,0.7520,30,31,37,42,55
1172,2.3440,37577,0.7520,30,31,37,42,55
1173,2.3460,37577,0.7520,30,31,37,42,55
1174,2.3480,37647,0.7534,30,31,37,42,55
1175,2.3500,37647,0.7534,30,31,37,42,55
1176,2.3520,37647,0.7534,30,31,37,42,55
1177,2.3540,37647,0.7534,30,31,37,42,55
1178,2.3560,37649,0.7534,30,31,37,42,55
1179,2.3580,37679,0.7540,30,31,37,42,55
1180,2.3600,37683,0.7541,30,31,37,42,55
1181,2.3620,37722,0.7549,30,31,37,42,55
1182,2.3640,37727,0.7550,30,31,37,42,55
1183,2.3660,37788,0.7562,30,31,37,42,55
1184,2.3680,37788,0.7562,30,31,37,42,55
1185,2.3700,37788,0.7562,30,31,37,42,55
1186,2.3720,37817,0.7568,30,31,37,42,55
1187,2.3740,37823,0.7569,30,31,37,42,55
1188,2.3760,37836,0.7572,30,31,37,42,55
1189,2.3780,37847,0.7574,30,31,37,42,55
1190,2.3800,37847,0.7574,30,31,37,42,55
1191,2.3820,37896,0.7584,30,31,38,42,55
1192,2.3840,37896,0.7584,30,31,38,42,55
1193,2.3860,37913,0.7587,30,31,38,42,55
1194,2.3880,37913,0.7587,30,31,38,42,55
1195,2.3900,37931,0.7591,30,31,38,42,55
1196,2.3920,37931,0.7591,30,31,38,42,55
1197,2.3940,37949,0.7594,30,31,38,42,55
1198,2.3960,37959,0.7596,30,31,38,42,55
1199,2.3980,37975,0.7600,30,31,38,42,55
1200,2.4000,37975,0.7600,30,31,38,42,55
1201,2.4020,37975,0.7600,30,31,38,42,55
1202,2.4040,37975,0.7600,30,31,38,42,55
1203,2.4060,37975,0.7600,30,31,38,42,55
1204,2.4080,37995,0.7604,30,31,39,42,55
1205,2.4100,37995,0.7604,30,31,39,42,55
1206,2.4120,37995,0.7604,30,31,39,42,55
1207,2.4140,38027,0.7610,30,31,39,42,55
1208,2.4160,38027,0.7610,30,31,39,42,55
1209,2.4180,38097,0.7624,30,31,39,42,55
1210,2.4200,38109,0.7626,30,31,39,42,55
1211,2.4220,38129,0.7630,30,31,39,42,55
1212,2.4240,38190,0.7643,30,32,39,42,55
1213,2.4260,38190,0.7643,30,32,39,42,55
1214,2.4280,38260,0.7657,30,32,39,42,55
1215,2.4300,38260,0.7657,30,32,39,42,55
1216,2.4320,38279,0.7660,30,32,39,42,55
1217,2.4340,38288,0.7662,30,32,39,42,55
1218,2.4360,38306,0.7666,30,32,39,42,55
1219,2.4380,38306,0.7666,30,32,39,42,55
1220,2.4400,38333,0.7671,30,32,39,42,55
1221,2.4420,38333,0.7671,30,32,39,42,55
1222,2.4440,38333,0.7671,30,32,39,42,55
1223,2.4460,38337,0.7672,30,32,39,42,55
1224,2.4480,38346,0.7674,30,32,39,42,55
1225,2.4500,38371,0.7679,30,32,39,42,55
1226,2.4520,38371,0.7679,30,32,39,42,55
1227,2.4540,38371,0.7679,30,32,39,42,55
1228,2.4560,38404,0.7685,30,32,39,42,55
1229,2.4580,38404,0.7685,30,32,39,42,55
1230,2.4600,38405,0.7686,30,32,39,42,55
1231,2.4620,38405,0.7686,30,32,39,42,55
1232,2.4640,38405,0.7686,30,32,39,42,55
1233,2.4660,38405,0.7686,30,32,39,42,55
1234,2.4680,38405,0.7686,30,32,39,42,55
1235,2.4700,38473,0.7699,31,32,39,42,55
1236,2.4720,38492,0.7703,31,32,39,42,55
1237,2.4740,38493,0.7703,31,32,39,42,55
1238,2.4760,38532,0.7711,31,32,39,42,55
1239,2.4780,38541,0.7713,31,32,39,42,55
1240,2.4800,38577,0.7720,31,32,39,42,55
1241,2.4820,38577,0.7720,31,32,39,42,55
1242,2.4840,38577,0.7720,31,32,39,42,55
1243,2.4860,38577,0.7720,31,32,39,42,55
1244,2.4880,38577,0.7720,31,32,39,42,55
1245,2.4900,38583,0.7721,31,32,39,42,55
1246,2.4920,38583,0.7721,31,32,39,42,55
1247,2.4940,38619,0.7728,31,32,39,42,55
1248,2.4960,38621,0.7729,31,32,39,42,55
1249,2.4980,38621,0.7729,31,32,39,42,55
1250,2.5000,38657,0.7736,31,32,39,42,55
1251,2.5020,38692,0.7743,31,32,39,42,55
1252,2.5040,38693,0.7743,31,32,39,42,55
1253,2.5060,38693,0.7743,31,32,39,42,55
1254,2.5080,38697,0.7744,31,32,39,42,55
1255,2.5100,38698,0.7744,31,32,39,42,55
1256,2.5120,38713,0.7747,31,32,39,42,55
1257,2.5140,38742,0.7753,31,32,39,42,55
1258,2.5160,38743,0.7753,31,32,39,42,55
1259,2.5180,38743,0.7753,31,32,39,42,55
1260,2.5200,38757,0.7756,31,32,39,42,55
1261,2.5220,38757,0.7756,31,32,39,42,55
1262,2.5240,38787,0.7762,31,32,39,42,55
1263,2.5260,38787,0.7762,31,32,39,42,55
1264,2.5280,38787,0.7762,31,32,39,42,55
1265,2.5300,38787,0.7762,31,32,39,42,55
1266,2.5320,38856,0.7776,31,32,39,42,55
1267,2.5340,38862,0.7777,31,32,39,42,55
1268,2.5360,38890,0.7783,31,32,39,42,55
1269,2.5380,38890,0.7783,31,32,39,42,55
1270,2.5400,38890,0.7783,31,32,39,42,55
1271,2.5420,38937,0.7792,31,32,39,42,55
1272,2.5440,38946,0.7794,31,32,39,42,55
1273,2.5460,38946,0.7794,31,32,39,42,55
1274,2.5480,38946,0.7794,31,32,39,42,55
1275,2.5500,38987,0.7802,31,32,39,42,55
1276,2.5520,39027,0.7810,31,32,39,42,55
1277,2.5540,39064,0.7817,31,32,39,42,55
1278,2.5560,39078,0.7820,31,32,39,42,55
1279,2.5580,39137,0.7832,31,32,39,42,55
1280,2.5600,39184,0.7842,31,32,39,42,55
1281,2.5620,39184,0.7842,31,32,39,42,55
1282,2.5640,39184,0.7842,31,32,39,42,55
1283,2.5660,39184,0.7842,31,32,39,42,55
1284,2.5680,39184,0.7842,31,32,39,42,55
1285,2.5700,39230,0.7851,31,32,39,42,55
1286,2.5720,39230,0.7851,31,32,39,42,55
1287,2.5740,39261,0.7857,31,32,39,42,55
1288,2.5760,39292,0.7863,31,32,39,42,55
1289,2.5780,39294,0.7864,31,32,39,42,55
1290,2.5800,39333,0.7871,31,32,39,42,55
1291,2.5820,39333,0.7871,31,32,39,42,55
1292,2.5840,39333,0.7871,31,32,39,42,55
1293,2.5860,39341,0.7873,31,32,39,42,55
1294,2.5880,39341,0.7873,31,32,39,42,55
1295,2.5900,39370,0.7879,31,32,39,42,55
1296,2.5920,39370,0.7879,31,32,39,42,55
1297,2.5940,39394,0.7884,31,32,39,42,55
1298,2.5960,39432,0.7891,31,32,39,43,55
1299,2.5980,39432,0.7891,31,32,39,43,55
1300,2.6000,39432,0.7891,31,32,39,43,55
1301,2.6020,39432,0.7891,31,32,39,43,55
1302,2.6040,39445,0.7894,31,32,39,43,55
1303,2.6060,39446,0.7894,31,32,39,43,55
1304,2.6080,39449,0.7895,31,32,39,43,55
1305,2.6100,39449,0.7895,31,32,39,43,55
1306,2.6120,39449,0.7895,31,32,39,43,55
1307,2.6140,39511,0.7907,31,32,39,43,55
1308,2.6160,39532,0.7911,31,32,39,43,55
1309,2.6180,39532,0.7911,31,32,39,43,55
1310,2.6200,39532,0.7911,31,32,39,43,55
1311,2.6220,39568,0.7918,31,32,39,43,55
1312,2.6240,39588,0.7922,31,32,39,43,55
1313,2.6260,39588,0.7922,31,32,39,43,55
1314,2.6280,39619,0.7929,31,32,39,43,55
1315,2.6300,39654,0.7936,31,32,39,43,55
1316,2.6320,39654,0.7936,31,32,39,43,55
1317,2.6340,39654,0.7936,31,32,39,43,55
1318,2.6360,39685,0.7942,31,32,39,43,55
1319,2.6380,39685,0.7942,31,32,39,43,55
1320,2.6400,39717,0.7948,31,32,39,43,55
1321,2.6420,39717,0.7948,31,32,39,43,55
1322,2.6440,39780,0.7961,31,32,39,43,55
1323,2.6460,39805,0.7966,32,32,39,43,55
1324,2.6480,39812,0.7967,32,32,39,43,55
1325,2.6500,39829,0.7971,32,32,39,43,55
1326,2.6520,39829,0.7971,32,32,39,43,55
1327,2.6540,39829,0.7971,32,32,39,43,55
1328,2.6560,39829,0.7971,32,32,39,43,55
1329,2.6580,39829,0.7971,32,32,39,43,55
1330,2.6600,39829,0.7971,32,32,39,43,55
1331,2.6620,39829,0.7971,32,32,39,43,55
1332,2.6640,39846,0.7974,32,32,39,43,55
1333,2.6660,39846,0.7974,32,32,39,43,55
1334,2.6680,39846,0.7974,32,32,39,43,55
1335,2.6700,39872,0.7979,32,32,39,43,55
1336,2.6720,39875,0.7980,32,32,39,43,55
1337,2.6740,39899,0.7985,32,32,39,43,55
1338,2.6760,39899,0.7985,32,32,39,43,55
1339,2.6780,39916,0.7988,32,32,39,43,55
1340,2.6800,39932,0.7991,32,32,39,43,55
1341,2.6820,39947,0.7994,32,32,39,43,55
1342,2.6840,39988,0.8002,32,32,39,43,55
1343,2.6860,39988,0.8002,32,32,39,43,55
1344,2.6880,40009,0.8007,32,32,39,43,55
1345,2.6900,40021,0.8009,32,32,39,43,55
1346,2.6920,40021,0.8009,32,32,39,43,55
1347,2.6940,40024,0.8010,32,32,39,43,55
1348,2.6960,40043,0.8013,32,32,39,43,55
1349,2.6980,40048,0.8014,32,32,39,43,55
1350,2.7000,40048,0.8014,32,32,39,43,55
1351,2.7020,40058,0.8016,32,32,39,43,55
1352,2.7040,40058,0.8016,32,32,39,43,55
1353,2.7060,40068,0.8018,32,32,39,43,55
1354,2.7080,40105,0.8026,32,32,39,43,55
1355,2.7100,40105,0.8026,32,32,39,43,55
1356,2.7120,40105,0.8026,32,32,39,43,55
1357,2.7140,40105,0.8026,32,32,39,43,55
1358,2.7160,40105,0.8026,32,32,39,43,55
1359,2.7180,40134,0.8032,32,32,39,43,55
1360,2.7200,40134,0.8032,32,32,39,43,55
1361,2.7220,40134,0.8032,32,32,39,43,55
1362,2.7240,40190,0.8043,32,33,39,43,55
1363,2.7260,40192,0.8043,32,33,39,43,55
1364,2.7280,40262,0.8057,32,33,39,43,55
1365,2.7300,40266,0.8058,32,33,39,43,55
1366,2.7320,40325,0.8070,32,33,39,44,55
1367,2.7340,40340,0.8073,32,34,39,44,55
1368,2.7360,40340,0.8073,32,34,39,44,55
1369,2.7380,40340,0.8073,32,34,39,44,55
1370,2.7400,40353,0.8075,32,34,39,44,55
1371,2.7420,40378,0.8080,32,34,39,44,55
1372,2.7440,40448,0.8094,32,34,39,44,55
1373,2.7460,40448,0.8094,32,34,39,44,55
1374,2.7480,40448,0.8094,32,34,39,44,55
1375,2.7500,40456,0.8096,32,34,39,44,55
1376,2.7520,40490,0.8103,32,34,39,44,55
1377,2.7540,40505,0.8106,32,34,39,44,55
1378,2.7560,40505,0.8106,32,34,39,44,55
1379,2.7580,40505,0.8106,32,34,39,44,55
1380,2.7600,40505,0.8106,32,34,39,44,55
1381,2.7620,40505,0.8106,32,34,39,44,55
1382,2.7640,40525,0.8110,32,34,39,44,55
1383,2.7660,40537,0.8112,32,34,39,44,55
1384,2.7680,40537,0.8112,32,34,39,44,55
1385,2.7700,40589,0.8123,32,34,39,44,56
1386,2.7720,40659,0.8137,32,34,39,44,56
1387,2.7740,40659,0.8137,32,34,39,44,56
1388,2.7760,40671,0.8139,32,34,39,44,56
1389,2.7780,40691,0.8143,32,34,39,44,56
1390,2.7800,40691,0.8143,32,34,39,44,56
1391,2.7820,40691,0.8143,32,34,39,44,56
1392,2.7840,40691,0.8143,32,34,39,44,56
1393,2.7860,40703,0.8145,32,34,40,44,56
1394,2.7880,40713,0.8147,32,34,40,45,56
1395,2.7900,40713,0.8147,32,34,40,45,56
1396,2.7920,40713,0.8147,32,34,40,45,56
1397,2.7940,40713,0.8147,32,34,40,45,56
1398,2.7960,40717,0.8148,32,34,40,45,56
1399,2.7980,40732,0.8151,32,34,40,45,56
1400,2.8000,40732,0.8151,32,34,40,45,56
1401,2.8020,40739,0.8153,32,34,40,45,56
1402,2.8040,40739,0.8153,32,34,40,45,56
1403,2.8060,40741,0.8153,32,34,40,45,56
1404,2.8080,40749,0.8155,32,34,40,45,56
1405,2.8100,40789,0.8163,33,34,40,45,56
1406,2.8120,40817,0.8168,33,35,40,45,56
1407,2.8140,40817,0.8168,33,35,40,45,56
1408,2.8160,40817,0.8168,33,35,40,45,56
1409,2.8180,40822,0.8169,33,35,40,45,56
1410,2.8200,40822,0.8169,33,35,40,45,56
1411,2.8220,40822,0.8169,33,35,40,45,56
1412,2.8240,40822,0.8169,33,35,40,45,56
1413,2.8260,40850,0.8175,33,35,40,45,57
1414,2.8280,40850,0.8175,33,35,40,45,57
1415,2.8300,40850,0.8175,33,35,40,45,57
1416,2.8320,40850,0.8175,33,35,40,45,57
1417,2.8340,40850,0.8175,33,35,40,45,57
1418,2.8360,40850,0.8175,33,35,40,45,57
1419,2.8380,40863,0.8178,33,35,40,45,57
1420,2.8400,40869,0.8179,33,35,40,45,57
1421,2.8420,40869,0.8179,33,35,40,45,57
1422,2.8440,40869,0.8179,33,35,40,45,57
1423,2.8460,40870,0.8179,33,35,40,45,57
1424,2.8480,40870,0.8179,33,35,40,45,57
1425,2.8500,40873,0.8180,33,35,40,45,57
1426,2.8520,40894,0.8184,33,35,40,45,57
1427,2.8540,40894,0.8184,33,35,40,45,57
1428,2.8560,40894,0.8184,33,35,40,45,57
1429,2.8580,40894,0.8184,33,35,40,45,57
1430,2.8600,40931,0.8191,33,35,40,45,57
1431,2.8620,40931,0.8191,33,35,40,45,57
1432,2.8640,40931,0.8191,33,35,40,45,57
1433,2.8660,40934,0.8192,33,35,40,45,57
1434,2.8680,40939,0.8193,33,35,40,45,57
1435,2.8700,40988,0.8203,33,35,40,45,57
1436,2.8720,41008,0.8207,33,35,40,45,57
1437,2.8740,41037,0.8212,33,35,40,45,57
1438,2.8760,41037,0.8212,33,35,40,45,57
1439,2.8780,41037,0.8212,33,35,40,45,57
1440,2.8800,41037,0.8212,33,35,40,45,57
1441,2.8820,41037,0.8212,33,35,40,45,57
1442,2.8840,41037,0.8212,33,35,40,45,57
1443,2.8860,41065,0.8218,33,35,40,45,57
1444,2.8880,41079,0.8221,33,35,40,45,57
1445,2.8900,41079,0.8221,33,35,40,45,57
1446,2.8920,41118,0.8229,33,35,40,45,57
1447,2.8940,41118,0.8229,33,35,40,45,57
1448,2.8960,41118,0.8229,33,35,40,45,57
1449,2.8980,41118,0.8229,33,35,40,45,57
1450,2.9000,41118,0.8229,33,35,40,45,57
1451,2.9020,41153,0.8236,33,35,40,45,57
1452,2.9040,41153,0.8236,33,35,40,45,57
1453,2.9060,41199,0.8245,33,35,40,45,57
1454,2.9080,41218,0.8249,33,35,40,45,57
1455,2.9100,41251,0.8255,33,35,40,45,57
1456,2.9120,41251,0.8255,33,35,40,45,57
1457,2.9140,41251,0.8255,33,35,40,45,57
1458,2.9160,41256,0.8256,33,35,40,45,57
1459,2.9180,41256,0.8256,33,35,40,45,57
1460,2.9200,41256,0.8256,33,35,40,45,57
1461,2.9220,41293,0.8264,33,35,40,45,57
1462,2.9240,41293,0.8264,33,35,40,45,57
1463,2.9260,41293,0.8264,33,35,40,45,57
1464,2.9280,41316,0.8268,33,35,40,45,58
1465,2.9300,41332,0.8271,33,35,40,45,58
1466,2.9320,41341,0.8273,33,35,40,46,58
1467,2.9340,41346,0.8274,33,35,40,46,58
1468,2.9360,41346,0.8274,33,35,40,46,58
1469,2.9380,41346,0.8274,33,35,40,46,58
1470,2.9400,41346,0.8274,33,35,40,46,58
1471,2.9420,41346,0.8274,33,35,40,46,58
1472,2.9440,41346,0.8274,33,35,40,46,58
1473,2.9460,41346,0.8274,33,35,40,46,58
1474,2.9480,41346,0.8274,33,35,40,46,58
1475,2.9500,41361,0.8277,33,35,40,46,58
1476,2.9520,41385,0.8282,33,35,40,46,58
1477,2.9540,41385,0.8282,33,35,40,46,58
1478,2.9560,41385,0.8282,33,35,40,46,58
1479,2.9580,41385,0.8282,33,35,40,46,58
1480,2.9600,41396,0.8284,33,35,40,46,58
1481,2.9620,41396,0.8284,33,35,40,46,58
1482,2.9640,41447,0.8294,33,36,40,46,58
1483,2.9660,41452,0.8295,33,36,40,46,58
1484,2.9680,41487,0.8302,33,36,40,46,58
1485,2.9700,41487,0.8302,33,36,40,46,58
1486,2.9720,41487,0.8302,33,36,40,46,58
1487,2.9740,41497,0.8304,33,36,40,46,58
1488,2.9760,41497,0.8304,33,36,40,46,58
1489,2.9780,41500,0.8305,33,36,40,46,58
1490,2.9800,41500,0.8305,33,36,40,46,58
1491,2.9820,41510,0.8307,33,36,40,46,58
1492,2.9840,41512,0.8307,33,36,40,46,58
1493,2.9860,41512,0.8307,33,36,40,46,58
1494,2.9880,41512,0.8307,33,36,40,46,58
1495,2.9900,41512,0.8307,33,36,40,46,58
1496,2.9920,41522,0.8309,33,36,40,46,58
1497,2.9940,41522,0.8309,33,36,40,46,58
1498,2.9960,41531,0.8311,33,36,40,46,58
1499,2.9980,41555,0.8316,33,36,40,46,58
1500,3.0000,41571,0.8319,33,36,40,46,58
1501,3.0020,41571,0.8319,33,36,40,46,58
1502,3.0040,41575,0.8320,33,36,40,46,58
1503,3.0060,41575,0.8320,33,36,40,46,58
1504,3.0080,41610,0.8327,33,36,40,46,58
1505,3.0100,41610,0.8327,33,36,40,46,58
1506,3.0120,41610,0.8327,33,36,40,46,58
1507,3.0140,41619,0.8329,33,36,40,46,58
1508,3.0160,41619,0.8329,33,36,40,46,58
1509,3.0180,41619,0.8329,33,36,40,46,58
1510,3.0200,41619,0.8329,33,36,40,46,58
1511,3.0220,41671,0.8339,33,36,40,46,58
1512,3.0240,41671,0.8339,33,36,40,46,58
1513,3.0260,41687,0.8342,33,36,40,46,58
1514,3.0280,41723,0.8350,33,36,40,46,58
1515,3.0300,41723,0.8350,33,36,40,46,58
1516,3.0320,41723,0.8350,33,36,40,46,58
1517,3.0340,41735,0.8352,33,36,40,46,58
1518,3.0360,41770,0.8359,33,36,40,46,58
1519,3.0380,41770,0.8359,33,36,40,46,58
1520,3.0400,41770,0.8359,33,36,40,46,58
1521,3.0420,41785,0.8362,33,36,40,46,58
1522,3.0440,41785,0.8362,33,36,40,46,58
1523,3.0460,41837,0.8372,33,36,40,46,58
1524,3.0480,41837,0.8372,33,36,40,46,58
1525,3.0500,41866,0.8378,33,36,40,46,58
1526,3.0520,41866,0.8378,33,36,40,46,58
1527,3.0540,41866,0.8378,33,36,40,46,58
1528,3.0560,41889,0.8383,33,37,40,46,58
1529,3.0580,41889,0.8383,33,37,40,46,58
1530,3.0600,41889,0.8383,33,37,40,46,58
1531,3.0620,41889,0.8383,33,37,40,46,58
1532,3.0640,41894,0.8384,33,37,40,46,58
1533,3.0660,41933,0.8392,33,37,40,46,58
1534,3.0680,41933,0.8392,33,37,40,46,58
1535,3.0700,41933,0.8392,33,37,40,46,58
1536,3.0720,41959,0.8397,33,37,40,46,58
1537,3.0740,41959,0.8397,33,37,40,46,58
1538,3.0760,41959,0.8397,33,37,40,46,58
1539,3.0780,42000,0.8405,33,37,40,46,58
1540,3.0800,42000,0.8405,33,37,40,46,58
1541,3.0820,42007,0.8406,33,37,40,46,58
1542,3.0840,42021,0.8409,33,37,40,46,58
1543,3.0860,42062,0.8417,33,37,40,46,58
1544,3.0880,42093,0.8424,33,37,40,46,58
1545,3.0900,42093,0.8424,33,37,40,46,58
1546,3.0920,42093,0.8424,33,37,40,46,58
1547,3.0940,42093,0.8424,33,37,40,46,58
1548,3.0960,42094,0.8424,33,37,40,46,58
1549,3.0980,42094,0.8424,33,37,40,46,58
1550,3.1000,42094,0.8424,33,37,40,46,58
1551,3.1020,42101,0.8425,33,37,40,46,58
1552,3.1040,42101,0.8425,33,37,40,46,58
1553,3.1060,42133,0.8432,33,37,40,46,58
1554,3.1080,42133,0.8432,33,37,40,46,58
1555,3.1100,42133,0.8432,33,37,40,46,58
1556,3.1120,42133,0.8432,33,37,40,46,58
1557,3.1140,42133,0.8432,33,37,40,46,58
1558,3.1160,42150,0.8435,33,37,40,46,58
1559,3.1180,42150,0.8435,33,37,40,46,58
1560,3.1200,42158,0.8437,33,37,40,46,58
1561,3.1220,42158,0.8437,33,37,40,46,58
1562,3.1240,42197,0.8444,33,37,40,46,58
1563,3.1260,42207,0.8446,33,37,40,46,58
1564,3.1280,42212,0.8447,33,37,40,46,58
1565,3.1300,42212,0.8447,33,37,40,46,58
1566,3.1320,42212,0.8447,33,37,40,46,58
1567,3.1340,42212,0.8447,33,37,40,46,58
1568,3.1360,42212,0.8447,33,37,40,46,58
1569,3.1380,42225,0.8450,33,37,40,46,59
1570,3.1400,42225,0.8450,33,37,40,46,59
1571,3.1420,42233,0.8452,33,37,40,46,59
1572,3.1440,42233,0.8452,33,37,40,46,59
1573,3.1460,42233,0.8452,33,37,40,46,59
1574,3.1480,42264,0.8458,33,37,40,46,59
1575,3.1500,42264,0.8458,33,37,40,46,59
1576,3.1520,42268,0.8459,33,37,40,46,59
1577,3.1540,42269,0.8459,33,37,40,46,59
1578,3.1560,42269,0.8459,33,37,40,46,59
1579,3.1580,42269,0.8459,33,37,40,46,59
1580,3.1600,42269,0.8459,33,37,40,46,59
1581,3.1620,42269,0.8459,33,37,40,46,59
1582,3.1640,42276,0.8460,33,37,40,46,59
1583,3.1660,42276,0.8460,33,37,40,46,59
1584,3.1680,42276,0.8460,33,37,40,46,59
1585,3.1700,42286,0.8462,33,37,40,46,59
1586,3.1720,42286,0.8462,33,37,40,46,59
1587,3.1740,42286,0.8462,33,37,40,46,59
1588,3.1760,42286,0.8462,33,37,40,46,59
1589,3.1780,42286,0.8462,33,37,40,46,59
1590,3.1800,42286,0.8462,33,37,40,46,59
1591,3.1820,42286,0.8462,33,37,40,46,59
1592,3.1840,42286,0.8462,33,37,40,46,59
1593,3.1860,42286,0.8462,33,37,40,46,59
1594,3.1880,42286,0.8462,33,37,40,46,59
1595,3.1900,42331,0.8471,33,37,40,46,59
1596,3.1920,42331,0.8471,33,37,40,46,59
1597,3.1940,42373,0.8480,33,37,40,46,59
1598,3.1960,42373,0.8480,33,37,40,46,59
1599,3.1980,42373,0.8480,33,37,40,46,59
1600,3.2000,42373,0.8480,33,37,40,46,59
1601,3.2020,42373,0.8480,33,37,40,46,59
1602,3.2040,42379,0.8481,33,37,40,46,59
1603,3.2060,42379,0.8481,33,37,40,46,59
1604,3.2080,42420,0.8489,33,37,40,46,59
1605,3.2100,42450,0.8495,33,37,40,46,60
1606,3.2120,42450,0.8495,33,37,40,46,60
1607,3.2140,42455,0.8496,33,37,40,46,60
1608,3.2160,42455,0.8496,33,37,40,46,60
1609,3.2180,42458,0.8497,33,37,40,46,60
1610,3.2200,42458,0.8497,33,37,40,46,60
1611,3.2220,42458,0.8497,33,37,40,46,60
1612,3.2240,42458,0.8497,33,37,40,46,60
1613,3.2260,42479,0.8501,33,37,40,46,60
1614,3.2280,42479,0.8501,33,37,40,46,60
1615,3.2300,42549,0.8515,33,37,40,46,60
1616,3.2320,42549,0.8515,33,37,40,46,60
1617,3.2340,42619,0.8529,33,37,40,46,60
1618,3.2360,42622,0.8530,33,37,40,46,60
1619,3.2380,42622,0.8530,33,37,40,46,60
1620,3.2400,42622,0.8530,33,37,40,46,60
1621,3.2420,42622,0.8530,33,37,40,46,60
1622,3.2440,42625,0.8530,33,37,40,46,60
1623,3.2460,42626,0.8530,33,37,40,46,60
1624,3.2480,42626,0.8530,33,37,40,46,60
1625,3.2500,42626,0.8530,33,37,40,46,60
1626,3.2520,42626,0.8530,33,37,40,46,60
1627,3.2540,42646,0.8534,33,37,40,46,60
1628,3.2560,42646,0.8534,33,37,40,46,60
1629,3.2580,42646,0.8534,33,37,40,46,60
1630,3.2600,42646,0.8534,33,37,40,46,60
1631,3.2620,42646,0.8534,33,37,40,46,60
1632,3.2640,42646,0.8534,33,37,40,46,60
1633,3.2660,42646,0.8534,33,37,40,46,60
1634,3.2680,42646,0.8534,33,37,40,46,60
1635,3.2700,42646,0.8534,33,37,40,46,60
1636,3.2720,42646,0.8534,33,37,40,46,60
1637,3.2740,42646,0.8534,33,37,40,46,60
1638,3.2760,42646,0.8534,33,37,40,46,60
1639,3.2780,42688,0.8543,33,37,40,46,60
1640,3.2800,42688,0.8543,33,37,40,46,60
1641,3.2820,42688,0.8543,33,37,40,46,60
1642,3.2840,42688,0.8543,33,37,40,46,60
1643,3.2860,42688,0.8543,33,37,40,46,60
1644,3.2880,42700,0.8545,33,37,40,46,60
1645,3.2900,42707,0.8547,33,37,40,46,60
1646,3.2920,42707,0.8547,33,37,40,46,60
1647,3.2940,42707,0.8547,33,37,40,46,60
1648,3.2960,42712,0.8548,33,37,40,46,60
1649,3.2980,42718,0.8549,33,37,40,46,60
1650,3.3000,42718,0.8549,33,37,40,46,60
1651,3.3020,42718,0.8549,33,37,40,46,60
1652,3.3040,42722,0.8550,33,37,40,46,60
1653,3.3060,42778,0.8561,33,37,40,46,60
1654,3.3080,42778,0.8561,33,37,40,46,60
1655,3.3100,42782,0.8562,33,37,40,46,60
1656,3.3120,42782,0.8562,33,37,40,46,60
1657,3.3140,42782,0.8562,33,37,40,46,60
1658,3.3160,42790,0.8563,33,37,40,46,60
1659,3.3180,42860,0.8577,33,37,41,46,60
1660,3.3200,42860,0.8577,33,37,41,46,60
1661,3.3220,42860,0.8577,33,37,41,46,60
1662,3.3240,42860,0.8577,33,37,41,46,60
1663,3.3260,42860,0.8577,33,37,41,46,60
1664,3.3280,42860,0.8577,33,37,41,46,60
1665,3.3300,42867,0.8579,33,37,41,46,60
1666,3.3320,42867,0.8579,33,37,41,46,60
1667,3.3340,42933,0.8592,33,37,41,46,60
1668,3.3360,42933,0.8592,33,37,41,46,60
1669,3.3380,42933,0.8592,33,37,41,46,60
1670,3.3400,42946,0.8594,33,37,41,46,60
1671,3.3420,42946,0.8594,33,37,41,46,60
1672,3.3440,42946,0.8594,33,37,41,46,60
1673,3.3460,42986,0.8602,33,37,41,46,60
1674,3.3480,42986,0.8602,33,37,41,46,60
1675,3.3500,43001,0.8605,33,37,41,46,60
1676,3.3520,43001,0.8605,33,37,41,46,60
1677,3.3540,43020,0.8609,33,37,41,46,60
1678,3.3560,43043,0.8614,34,37,41,46,60
1679,3.3580,43043,0.8614,34,37,41,46,60
1680,3.3600,43043,0.8614,34,37,41,46,60
1681,3.3620,43047,0.8615,34,37,41,46,60
1682,3.3640,43092,0.8624,34,37,41,46,60
1683,3.3660,43113,0.8628,34,37,41,46,60
1684,3.3680,43113,0.8628,34,37,41,46,60
1685,3.3700,43169,0.8639,34,37,41,46,60
1686,3.3720,43174,0.8640,34,37,41,46,60
1687,3.3740,43174,0.8640,34,37,41,46,60
1688,3.3760,43174,0.8640,34,37,41,46,60
1689,3.3780,43174,0.8640,34,37,41,46,60
1690,3.3800,43212,0.8648,34,37,41,46,60
1691,3.3820,43220,0.8649,34,37,41,46,60
1692,3.3840,43220,0.8649,34,37,41,46,60
1693,3.3860,43220,0.8649,34,37,41,46,60
1694,3.3880,43261,0.8657,34,38,41,46,60
1695,3.3900,43263,0.8658,34,38,41,46,60
1696,3.3920,43263,0.8658,34,38,41,46,60
1697,3.3940,43320,0.8669,34,38,41,46,62
1698,3.3960,43320,0.8669,34,38,41,46,62
1699,3.3980,43320,0.8669,34,38,41,46,62
1700,3.4000,43320,0.8669,34,38,41,46,62
1701,3.4020,43347,0.8675,34,38,41,46,62
1702,3.4040,43347,0.8675,34,38,41,46,62
1703,3.4060,43347,0.8675,34,38,41,46,62
1704,3.4080,43350,0.8675,34,38,41,46,62
1705,3.4100,43350,0.8675,34,38,41,46,62
1706,3.4120,43380,0.8681,34,38,41,46,62
1707,3.4140,43403,0.8686,34,38,41,46,62
1708,3.4160,43430,0.8691,34,38,41,46,62
1709,3.4180,43431,0.8691,34,38,41,46,62
1710,3.4200,43431,0.8691,34,38,41,46,62
1711,3.4220,43431,0.8691,34,38,41,46,62
1712,3.4240,43431,0.8691,34,38,41,46,62
1713,3.4260,43431,0.8691,34,38,41,46,62
1714,3.4280,43490,0.8703,34,38,41,46,62
1715,3.4300,43490,0.8703,34,38,41,46,62
1716,3.4320,43499,0.8705,34,38,41,46,62
1717,3.4340,43513,0.8708,34,38,41,46,62
1718,3.4360,43546,0.8714,34,38,41,46,62
1719,3.4380,43546,0.8714,34,38,41,46,62
1720,3.4400,43546,0.8714,34,38,41,46,62
1721,3.4420,43546,0.8714,34,38,41,46,62
1722,3.4440,43553,0.8716,34,38,41,46,62
1723,3.4460,43553,0.8716,34,38,41,46,62
1724,3.4480,43553,0.8716,34,38,41,46,62
1725,3.4500,43553,0.8716,34,38,41,46,62
1726,3.4520,43576,0.8720,34,38,41,46,62
1727,3.4540,43576,0.8720,34,38,41,46,62
1728,3.4560,43576,0.8720,34,38,41,46,62
1729,3.4580,43576,0.8720,34,38,41,46,62
1730,3.4600,43576,0.8720,34,38,41,46,62
1731,3.4620,43576,0.8720,34,38,41,46,62
1732,3.4640,43607,0.8727,34,38,41,46,62
1733,3.4660,43618,0.8729,34,38,41,46,62
1734,3.4680,43618,0.8729,34,38,41,46,62
1735,3.4700,43618,0.8729,34,38,41,46,62
1736,3.4720,43627,0.8731,34,38,41,46,62
1737,3.4740,43627,0.8731,34,38,41,46,62
1738,3.4760,43627,0.8731,34,38,41,46,62
1739,3.4780,43627,0.8731,34,38,41,46,62
1740,3.4800,43627,0.8731,34,38,41,46,62
1741,3.4820,43627,0.8731,34,38,41,46,62
1742,3.4840,43627,0.8731,34,38,41,46,62
1743,3.4860,43627,0.8731,34,38,41,46,62
1744,3.4880,43640,0.8733,34,38,41,46,62
1745,3.4900,43640,0.8733,34,38,41,46,62
1746,3.4920,43640,0.8733,34,38,41,46,62
1747,3.4940,43640,0.8733,34,38,41,46,62
1748,3.4960,43642,0.8734,34,38,41,46,62
1749,3.4980,43642,0.8734,34,38,41,46,62
1750,3.5000,43649,0.8735,34,38,41,46,62
1751,3.5020,43678,0.8741,34,38,41,46,62
1752,3.5040,43682,0.8742,34,38,41,46,62
1753,3.5060,43682,0.8742,34,38,41,46,62
1754,3.5080,43682,0.8742,34,38,41,46,62
1755,3.5100,43699,0.8745,35,38,41,46,62
1756,3.5120,43768,0.8759,35,38,41,46,63
1757,3.5140,43768,0.8759,35,38,41,46,63
1758,3.5160,43768,0.8759,35,38,41,46,63
1759,3.5180,43768,0.8759,35,38,41,46,63
1760,3.5200,43768,0.8759,35,38,41,46,63
1761,3.5220,43768,0.8759,35,38,41,46,63
1762,3.5240,43768,0.8759,35,38,41,46,63
1763,3.5260,43768,0.8759,35,38,41,46,63
1764,3.5280,43806,0.8766,35,38,42,48,63
1765,3.5300,43806,0.8766,35,38,42,48,63
1766,3.5320,43828,0.8771,35,38,42,48,63
1767,3.5340,43829,0.8771,35,38,42,48,64
1768,3.5360,43845,0.8774,35,38,42,48,64
1769,3.5380,43845,0.8774,35,38,42,48,64
1770,3.5400,43845,0.8774,35,38,42,48,64
1771,3.5420,43859,0.8777,35,38,42,48,64
1772,3.5440,43863,0.8778,35,38,42,48,64
1773,3.5460,43863,0.8778,35,38,42,48,64
1774,3.5480,43863,0.8778,35,38,42,48,64
1775,3.5500,43863,0.8778,35,38,42,48,64
1776,3.5520,43863,0.8778,35,38,42,48,64
1777,3.5540,43868,0.8779,35,38,42,48,64
1778,3.5560,43876,0.8780,35,38,42,48,64
1779,3.5580,43885,0.8782,35,38,42,48,64
1780,3.5600,43921,0.8789,35,38,42,48,64
1781,3.5620,43935,0.8792,35,38,42,48,64
1782,3.5640,43935,0.8792,35,38,42,48,64
1783,3.5660,43935,0.8792,35,38,42,48,64
1784,3.5680,43935,0.8792,35,38,42,48,64
1785,3.5700,43940,0.8793,35,38,42,48,64
1786,3.5720,43940,0.8793,35,38,42,48,64
1787,3.5740,43960,0.8797,35,38,42,48,64
1788,3.5760,43972,0.8800,35,38,42,49,64
1789,3.5780,43974,0.8800,35,38,42,49,64
1790,3.5800,43974,0.8800,35,38,42,49,64
1791,3.5820,43974,0.8800,35,38,42,49,64
1792,3.5840,43974,0.8800,35,38,42,49,64
1793,3.5860,43974,0.8800,35,38,42,49,64
1794,3.5880,43974,0.8800,35,38,42,49,64
1795,3.5900,43981,0.8801,35,38,42,49,64
1796,3.5920,43981,0.8801,35,38,42,49,64
1797,3.5940,44004,0.8806,35,38,42,49,64
1798,3.5960,44004,0.8806,35,38,42,49,64
1799,3.5980,44015,0.8808,35,38,42,49,64
1800,3.6000,44020,0.8809,35,38,42,49,64
1801,3.6020,44020,0.8809,35,38,42,49,64
1802,3.6040,44020,0.8809,35,38,42,49,64
1803,3.6060,44020,0.8809,35,38,42,49,64
1804,3.6080,44020,0.8809,35,38,42,49,64
1805,3.6100,44049,0.8815,35,38,42,49,64
1806,3.6120,44055,0.8816,36,38,42,49,64
1807,3.6140,44055,0.8816,36,38,42,49,64
1808,3.6160,44069,0.8819,36,38,42,49,64
1809,3.6180,44091,0.8823,36,38,42,49,64
1810,3.6200,44091,0.8823,36,38,42,49,64
1811,3.6220,44091,0.8823,36,38,42,49,64
1812,3.6240,44091,0.8823,36,38,42,49,64
1813,3.6260,44091,0.8823,36,38,42,49,64
1814,3.6280,44091,0.8823,36,38,42,49,64
1815,3.6300,44091,0.8823,36,38,42,49,64
1816,3.6320,44100,0.8825,36,38,42,49,64
1817,3.6340,44100,0.8825,36,38,42,49,64
1818,3.6360,44100,0.8825,36,38,42,49,64
1819,3.6380,44107,0.8827,36,38,42,49,64
1820,3.6400,44114,0.8828,36,38,42,49,64
1821,3.6420,44114,0.8828,36,38,42,49,64
1822,3.6440,44114,0.8828,36,38,42,49,64
1823,3.6460,44114,0.8828,36,38,42,49,64
1824,3.6480,44126,0.8830,36,38,42,49,64
1825,3.6500,44126,0.8830,36,38,42,49,64
1826,3.6520,44126,0.8830,36,38,42,49,64
1827,3.6540,44128,0.8831,36,38,42,49,64
1828,3.6560,44128,0.8831,36,38,42,49,64
1829,3.6580,44137,0.8833,36,38,42,49,64
1830,3.6600,44137,0.8833,36,38,42,49,64
1831,3.6620,44137,0.8833,36,38,42,49,64
1832,3.6640,44154,0.8836,36,38,42,49,64
1833,3.6660,44154,0.8836,36,38,42,49,64
1834,3.6680,44154,0.8836,36,38,42,49,64
1835,3.6700,44154,0.8836,36,38,42,49,64
1836,3.6720,44156,0.8837,36,38,42,49,64
1837,3.6740,44158,0.8837,36,38,42,49,64
1838,3.6760,44158,0.8837,36,38,42,49,64
1839,3.6780,44158,0.8837,36,38,42,49,64
1840,3.6800,44163,0.8838,36,38,42,49,64
1841,3.6820,44163,0.8838,36,38,42,49,64
1842,3.6840,44163,0.8838,36,38,42,49,64
1843,3.6860,44163,0.8838,36,38,42,49,64
1844,3.6880,44164,0.8838,36,38,42,49,64
1845,3.6900,44191,0.8844,36,38,42,49,64
1846,3.6920,44191,0.8844,36,38,42,49,64
1847,3.6940,44191,0.8844,36,38,42,49,64
1848,3.6960,44193,0.8844,36,38,42,49,64
1849,3.6980,44193,0.8844,36,38,42,49,64
1850,3.7000,44193,0.8844,36,38,42,49,64
1851,3.7020,44193,0.8844,36,38,42,49,64
1852,3.7040,44193,0.8844,36,38,42,49,64
1853,3.7060,44217,0.8849,36,38,42,49,64
1854,3.7080,44217,0.8849,36,38,42,49,64
1855,3.7100,44217,0.8849,36,38,42,49,64
1856,3.7120,44217,0.8849,36,38,42,49,64
1857,3.7140,44221,0.8850,36,38,42,49,64
1858,3.7160,44221,0.8850,36,38,42,49,64
1859,3.7180,44221,0.8850,36,38,42,49,64
1860,3.7200,44237,0.8853,36,38,42,49,64
1861,3.7220,44241,0.8854,36,38,42,49,64
1862,3.7240,44241,0.8854,36,38,42,49,64
1863,3.7260,44241,0.8854,36,38,42,49,64
1864,3.7280,44241,0.8854,36,38,42,49,64
1865,3.7300,44244,0.8854,36,38,42,49,64
1866,3.7320,44265,0.8858,36,38,42,49,64
1867,3.7340,44288,0.8863,36,38,42,49,64
1868,3.7360,44288,0.8863,36,38,42,49,64
1869,3.7380,44288,0.8863,36,38,42,49,64
1870,3.7400,44288,0.8863,36,38,42,49,64
1871,3.7420,44288,0.8863,36,38,42,49,64
1872,3.7440,44298,0.8865,36,38,42,49,64
1873,3.7460,44298,0.8865,36,38,42,49,64
1874,3.7480,44318,0.8869,36,38,42,49,64
1875,3.7500,44318,0.8869,36,38,42,49,64
1876,3.7520,44325,0.8870,36,38,42,49,64
1877,3.7540,44342,0.8874,36,38,42,49,64
1878,3.7560,44342,0.8874,36,38,42,49,64
1879,3.7580,44355,0.8876,36,38,42,49,64
1880,3.7600,44355,0.8876,36,38,42,49,64
1881,3.7620,44355,0.8876,36,38,42,49,64
1882,3.7640,44398,0.8885,36,38,42,49,64
1883,3.7660,44398,0.8885,36,38,42,49,64
1884,3.7680,44398,0.8885,36,38,42,49,64
1885,3.7700,44398,0.8885,36,38,42,49,64
1886,3.7720,44416,0.8889,36,38,42,49,64
1887,3.7740,44416,0.8889,36,38,42,49,64
1888,3.7760,44441,0.8894,36,38,42,49,64
1889,3.7780,44441,0.8894,36,38,42,49,64
1890,3.7800,44441,0.8894,36,38,42,49,64
1891,3.7820,44441,0.8894,36,38,42,49,64
1892,3.7840,44475,0.8900,36,39,42,49,64
1893,3.7860,44475,0.8900,36,39,42,49,64
1894,3.7880,44475,0.8900,36,39,42,49,64
1895,3.7900,44475,0.8900,36,39,42,49,64
1896,3.7920,44475,0.8900,36,39,42,49,64
1897,3.7940,44475,0.8900,36,39,42,49,64
1898,3.7960,44475,0.8900,36,39,42,49,64
1899,3.7980,44475,0.8900,36,39,42,49,64
1900,3.8000,44475,0.8900,36,39,42,49,64
1901,3.8020,44485,0.8902,36,39,42,49,64
1902,3.8040,44485,0.8902,36,39,42,49,64
1903,3.8060,44485,0.8902,36,39,42,49,64
1904,3.8080,44516,0.8909,36,39,43,49,64
1905,3.8100,44516,0.8909,36,39,43,49,64
1906,3.8120,44516,0.8909,36,39,43,49,64
1907,3.8140,44516,0.8909,36,39,43,49,64
1908,3.8160,44516,0.8909,36,39,43,49,64
1909,3.8180,44516,0.8909,36,39,43,49,64
1910,3.8200,44516,0.8909,36,39,43,49,64
1911,3.8220,44516,0.8909,36,39,43,49,64
1912,3.8240,44524,0.8910,36,39,43,49,64
1913,3.8260,44524,0.8910,36,39,43,49,64
1914,3.8280,44546,0.8915,36,39,43,49,64
1915,3.8300,44546,0.8915,36,39,43,49,64
1916,3.8320,44546,0.8915,36,39,43,49,64
1917,3.8340,44546,0.8915,36,39,43,49,64
1918,3.8360,44546,0.8915,36,39,43,49,64
1919,3.8380,44546,0.8915,36,39,43,49,64
1920,3.8400,44546,0.8915,36,39,43,49,64
1921,3.8420,44590,0.8923,36,39,43,49,64
1922,3.8440,44590,0.8923,36,39,43,49,64
1923,3.8460,44590,0.8923,36,39,43,49,64
1924,3.8480,44590,0.8923,36,39,43,49,64
1925,3.8500,44594,0.8924,36,39,43,49,64
1926,3.8520,44596,0.8925,36,39,43,49,64
1927,3.8540,44596,0.8925,36,39,43,49,64
1928,3.8560,44600,0.8925,36,39,43,49,64
1929,3.8580,44600,0.8925,36,39,43,49,64
1930,3.8600,44626,0.8931,36,39,43,49,64
1931,3.8620,44626,0.8931,36,39,43,49,64
1932,3.8640,44626,0.8931,36,39,43,49,64
1933,3.8660,44629,0.8931,36,39,43,49,64
1934,3.8680,44635,0.8932,36,39,43,49,64
1935,3.8700,44635,0.8932,36,39,43,49,64
1936,3.8720,44635,0.8932,36,39,43,49,64
1937,3.8740,44635,0.8932,36,39,43,49,64
1938,3.8760,44642,0.8934,36,39,43,49,64
1939,3.8780,44642,0.8934,36,39,43,49,64
1940,3.8800,44658,0.8937,36,39,43,49,64
1941,3.8820,44658,0.8937,36,39,43,49,64
1942,3.8840,44658,0.8937,36,39,43,49,64
1943,3.8860,44660,0.8937,36,39,43,49,64
1944,3.8880,44668,0.8939,36,39,43,49,64
1945,3.8900,44668,0.8939,36,39,43,49,64
1946,3.8920,44711,0.8948,36,39,43,49,64
1947,3.8940,44711,0.8948,36,39,43,49,64
1948,3.8960,44711,0.8948,36,39,43,49,64
1949,3.8980,44715,0.8948,36,39,43,49,64
1950,3.9000,44749,0.8955,36,39,43,49,64
1951,3.9020,44761,0.8958,36,39,43,49,64
1952,3.9040,44761,0.8958,36,39,43,49,64
1953,3.9060,44761,0.8958,36,39,43,49,64
1954,3.9080,44761,0.8958,36,39,43,49,64
1955,3.9100,44761,0.8958,36,39,43,49,64
1956,3.9120,44777,0.8961,36,39,43,49,64
1957,3.9140,44817,0.8969,36,39,43,49,64
1958,3.9160,44821,0.8970,36,39,43,49,64
1959,3.9180,44821,0.8970,36,39,43,49,64
1960,3.9200,44821,0.8970,36,39,43,49,64
1961,3.9220,44823,0.8970,36,39,43,49,64
1962,3.9240,44823,0.8970,36,39,43,49,64
1963,3.9260,44823,0.8970,36,39,43,49,64
1964,3.9280,44823,0.8970,36,39,43,49,64
1965,3.9300,44843,0.8974,36,39,44,49,64
1966,3.9320,44843,0.8974,36,39,44,49,64
1967,3.9340,44843,0.8974,36,39,44,49,64
1968,3.9360,44843,0.8974,36,39,44,49,64
1969,3.9380,44843,0.8974,36,39,44,49,64
1970,3.9400,44843,0.8974,36,39,44,49,64
1971,3.9420,44843,0.8974,36,39,44,49,64
1972,3.9440,44901,0.8986,36,39,44,49,65
1973,3.9460,44901,0.8986,36,39,44,49,65
1974,3.9480,44911,0.8988,36,39,44,49,65
1975,3.9500,44911,0.8988,36,39,44,49,65
1976,3.9520,44911,0.8988,36,39,44,49,65
1977,3.9540,44934,0.8992,36,39,44,49,65
1978,3.9560,44941,0.8994,36,39,44,49,65
1979,3.9580,44941,0.8994,36,39,44,49,65
1980,3.9600,44974,0.9000,36,39,44,49,65
